变量,单位,类型,最小值,最大值,偏度,峰度,极端值数量,可疑值清单
年龄,岁,基本信息类,18.0,92.0,0.965761168640549,0.06773757320276186,10,见可疑值清单.csv
WBC,×10⁹/L,血液检测指标类,2.33,16.52,0.9100292570780968,1.2579618282784715,14,见可疑值清单.csv
N,×10⁹/L,血液检测指标类,0.97,30.3,3.1371000178482147,27.55337624175966,16,见可疑值清单.csv
L,×10⁹/L,血液检测指标类,0.1,3.72,1.2162698608657905,1.496413077134818,20,见可疑值清单.csv
M,×10⁹/L,血液检测指标类,0.16,1.75,0.8195308998768193,0.9580843023330479,11,见可疑值清单.csv
RBC,×10¹²/L,血液检测指标类,3.15,6.48,0.20226987491837473,0.2062820618035719,3,见可疑值清单.csv
HB,g/L,血液检测指标类,91.0,177.0,-0.19963129618133926,-0.02268333660272237,2,见可疑值清单.csv
PLT,×10⁹/L,血液检测指标类,81.0,479.0,0.6723470229804103,1.2031102221025352,6,见可疑值清单.csv
RDW,%,血液检测指标类,11.1,19.5,2.535894779625734,8.647603090102704,32,见可疑值清单.csv
