Hour,Region,TaskType,Model,Actual_GPU_h,Predicted_GPU_h
2376,RegionA,RealTimeInference,GBDT,7.75,35.161870927121534
2377,RegionA,RealTimeInference,GBDT,96.48333333333333,35.72725679307568
2378,RegionA,RealTimeInference,GBDT,17.5,55.32737207811049
2379,RegionA,RealTimeInference,GBDT,33.08333333333333,30.701899577063134
2380,RegionA,RealTimeInference,GBDT,0.0,38.456166705986675
2381,RegionA,RealTimeInference,GBDT,46.08333333333333,33.53342076854888
2382,RegionA,RealTimeInference,GBDT,0.8833333333333333,42.77422494066307
2383,RegionA,RealTimeInference,GBDT,59.9,37.33137354303051
2384,RegionA,RealTimeInference,GBDT,39.599999999999994,35.33521347418242
2385,RegionA,RealTimeInference,GBDT,23.916666666666664,29.711028902347117
2386,RegionA,RealTimeInference,GBDT,10.166666666666666,31.346866856657616
2387,RegionA,RealTimeInference,GBDT,17.450000000000003,38.67498344298646
2388,RegionA,RealTimeInference,GBDT,49.53333333333333,45.95314036619847
2389,RegionA,RealTimeInference,GBDT,43.666666666666664,39.64348298470064
2390,RegionA,RealTimeInference,GBDT,0.0,21.91966591198056
2391,RegionA,RealTimeInference,GBDT,31.016666666666662,41.134132746608636
2392,RegionA,RealTimeInference,GBDT,26.833333333333332,32.30314201607839
2393,RegionA,RealTimeInference,GBDT,75.15,20.760399984126334
2394,RegionA,RealTimeInference,GBDT,15.433333333333334,38.74118927737613
2395,RegionA,RealTimeInference,GBDT,23.700000000000003,50.83748957501888
2396,RegionA,RealTimeInference,GBDT,63.1,33.36213768323498
2397,RegionA,RealTimeInference,GBDT,0.0,26.170347018026423
2398,RegionA,RealTimeInference,GBDT,23.666666666666668,33.0504750920739
2399,RegionA,RealTimeInference,GBDT,26.4,32.14036434039667
2376,RegionA,RealTimeInference,LastValue,7.75,25.766666666666666
2377,RegionA,RealTimeInference,LastValue,96.48333333333333,25.766666666666666
2378,RegionA,RealTimeInference,LastValue,17.5,25.766666666666666
2379,RegionA,RealTimeInference,LastValue,33.08333333333333,25.766666666666666
2380,RegionA,RealTimeInference,LastValue,0.0,25.766666666666666
2381,RegionA,RealTimeInference,LastValue,46.08333333333333,25.766666666666666
2382,RegionA,RealTimeInference,LastValue,0.8833333333333333,25.766666666666666
2383,RegionA,RealTimeInference,LastValue,59.9,25.766666666666666
2384,RegionA,RealTimeInference,LastValue,39.599999999999994,25.766666666666666
2385,RegionA,RealTimeInference,LastValue,23.916666666666664,25.766666666666666
2386,RegionA,RealTimeInference,LastValue,10.166666666666666,25.766666666666666
2387,RegionA,RealTimeInference,LastValue,17.450000000000003,25.766666666666666
2388,RegionA,RealTimeInference,LastValue,49.53333333333333,25.766666666666666
2389,RegionA,RealTimeInference,LastValue,43.666666666666664,25.766666666666666
2390,RegionA,RealTimeInference,LastValue,0.0,25.766666666666666
2391,RegionA,RealTimeInference,LastValue,31.016666666666662,25.766666666666666
2392,RegionA,RealTimeInference,LastValue,26.833333333333332,25.766666666666666
2393,RegionA,RealTimeInference,LastValue,75.15,25.766666666666666
2394,RegionA,RealTimeInference,LastValue,15.433333333333334,25.766666666666666
2395,RegionA,RealTimeInference,LastValue,23.700000000000003,25.766666666666666
2396,RegionA,RealTimeInference,LastValue,63.1,25.766666666666666
2397,RegionA,RealTimeInference,LastValue,0.0,25.766666666666666
2398,RegionA,RealTimeInference,LastValue,23.666666666666668,25.766666666666666
2399,RegionA,RealTimeInference,LastValue,26.4,25.766666666666666
2376,RegionA,RealTimeInference,SeasonalMean,7.75,43.77777777777778
2377,RegionA,RealTimeInference,SeasonalMean,96.48333333333333,38.13333333333333
2378,RegionA,RealTimeInference,SeasonalMean,17.5,35.77777777777778
2379,RegionA,RealTimeInference,SeasonalMean,33.08333333333333,24.83888888888889
2380,RegionA,RealTimeInference,SeasonalMean,0.0,27.555555555555554
2381,RegionA,RealTimeInference,SeasonalMean,46.08333333333333,35.47222222222223
2382,RegionA,RealTimeInference,SeasonalMean,0.8833333333333333,20.48888888888889
2383,RegionA,RealTimeInference,SeasonalMean,59.9,14.549999999999999
2384,RegionA,RealTimeInference,SeasonalMean,39.599999999999994,44.22777777777778
2385,RegionA,RealTimeInference,SeasonalMean,23.916666666666664,38.47777777777778
2386,RegionA,RealTimeInference,SeasonalMean,10.166666666666666,23.48888888888889
2387,RegionA,RealTimeInference,SeasonalMean,17.450000000000003,12.061111111111112
2388,RegionA,RealTimeInference,SeasonalMean,49.53333333333333,12.300000000000002
2389,RegionA,RealTimeInference,SeasonalMean,43.666666666666664,65.16111111111111
2390,RegionA,RealTimeInference,SeasonalMean,0.0,34.85555555555556
2391,RegionA,RealTimeInference,SeasonalMean,31.016666666666662,37.03888888888889
2392,RegionA,RealTimeInference,SeasonalMean,26.833333333333332,29.45
2393,RegionA,RealTimeInference,SeasonalMean,75.15,52.49444444444444
2394,RegionA,RealTimeInference,SeasonalMean,15.433333333333334,14.988888888888889
2395,RegionA,RealTimeInference,SeasonalMean,23.700000000000003,23.849999999999994
2396,RegionA,RealTimeInference,SeasonalMean,63.1,32.199999999999996
2397,RegionA,RealTimeInference,SeasonalMean,0.0,37.31666666666666
2398,RegionA,RealTimeInference,SeasonalMean,23.666666666666668,14.383333333333333
2399,RegionA,RealTimeInference,SeasonalMean,26.4,31.666666666666668
2376,RegionA,BatchInference,GBDT,13.566666666666666,46.54893395392252
2377,RegionA,BatchInference,GBDT,102.66666666666667,62.90082789392349
2378,RegionA,BatchInference,GBDT,0.0,39.90788111002143
2379,RegionA,BatchInference,GBDT,148.83333333333331,27.922653566317205
2380,RegionA,BatchInference,GBDT,0.0,77.51374220632292
2381,RegionA,BatchInference,GBDT,126.36666666666667,35.22711452685519
2382,RegionA,BatchInference,GBDT,98.73333333333332,69.01505360526255
2383,RegionA,BatchInference,GBDT,47.53333333333333,59.35799422642038
2384,RegionA,BatchInference,GBDT,0.0,53.5276361850666
2385,RegionA,BatchInference,GBDT,0.0,54.51801781491925
2386,RegionA,BatchInference,GBDT,78.25,114.7282347211859
2387,RegionA,BatchInference,GBDT,9.35,71.96092520255243
2388,RegionA,BatchInference,GBDT,345.55,77.72560372374136
2389,RegionA,BatchInference,GBDT,57.75,87.64369118088884
2390,RegionA,BatchInference,GBDT,90.71666666666667,69.36397316886813
2391,RegionA,BatchInference,GBDT,172.56666666666666,93.42115266291792
2392,RegionA,BatchInference,GBDT,126.81666666666666,77.94637379789353
2393,RegionA,BatchInference,GBDT,30.749999999999996,97.80799413011523
2394,RegionA,BatchInference,GBDT,17.866666666666667,78.95060733349095
2395,RegionA,BatchInference,GBDT,114.31666666666666,83.31539716454239
2396,RegionA,BatchInference,GBDT,38.0,99.36969792158563
2397,RegionA,BatchInference,GBDT,129.38333333333335,92.21411090875334
2398,RegionA,BatchInference,GBDT,0.0,88.01937494178974
2399,RegionA,BatchInference,GBDT,0.0,93.99146688127557
2376,RegionA,BatchInference,LastValue,13.566666666666666,145.4
2377,RegionA,BatchInference,LastValue,102.66666666666667,145.4
2378,RegionA,BatchInference,LastValue,0.0,145.4
2379,RegionA,BatchInference,LastValue,148.83333333333331,145.4
2380,RegionA,BatchInference,LastValue,0.0,145.4
2381,RegionA,BatchInference,LastValue,126.36666666666667,145.4
2382,RegionA,BatchInference,LastValue,98.73333333333332,145.4
2383,RegionA,BatchInference,LastValue,47.53333333333333,145.4
2384,RegionA,BatchInference,LastValue,0.0,145.4
2385,RegionA,BatchInference,LastValue,0.0,145.4
2386,RegionA,BatchInference,LastValue,78.25,145.4
2387,RegionA,BatchInference,LastValue,9.35,145.4
2388,RegionA,BatchInference,LastValue,345.55,145.4
2389,RegionA,BatchInference,LastValue,57.75,145.4
2390,RegionA,BatchInference,LastValue,90.71666666666667,145.4
2391,RegionA,BatchInference,LastValue,172.56666666666666,145.4
2392,RegionA,BatchInference,LastValue,126.81666666666666,145.4
2393,RegionA,BatchInference,LastValue,30.749999999999996,145.4
2394,RegionA,BatchInference,LastValue,17.866666666666667,145.4
2395,RegionA,BatchInference,LastValue,114.31666666666666,145.4
2396,RegionA,BatchInference,LastValue,38.0,145.4
2397,RegionA,BatchInference,LastValue,129.38333333333335,145.4
2398,RegionA,BatchInference,LastValue,0.0,145.4
2399,RegionA,BatchInference,LastValue,0.0,145.4
2376,RegionA,BatchInference,SeasonalMean,13.566666666666666,6.300000000000001
2377,RegionA,BatchInference,SeasonalMean,102.66666666666667,66.96666666666667
2378,RegionA,BatchInference,SeasonalMean,0.0,20.005555555555556
2379,RegionA,BatchInference,SeasonalMean,148.83333333333331,67.12777777777778
2380,RegionA,BatchInference,SeasonalMean,0.0,68.35555555555555
2381,RegionA,BatchInference,SeasonalMean,126.36666666666667,39.144444444444446
2382,RegionA,BatchInference,SeasonalMean,98.73333333333332,40.25
2383,RegionA,BatchInference,SeasonalMean,47.53333333333333,57.894444444444446
2384,RegionA,BatchInference,SeasonalMean,0.0,49.03888888888889
2385,RegionA,BatchInference,SeasonalMean,0.0,45.16111111111112
2386,RegionA,BatchInference,SeasonalMean,78.25,55.96111111111111
2387,RegionA,BatchInference,SeasonalMean,9.35,93.49444444444445
2388,RegionA,BatchInference,SeasonalMean,345.55,78.84444444444445
2389,RegionA,BatchInference,SeasonalMean,57.75,34.08888888888888
2390,RegionA,BatchInference,SeasonalMean,90.71666666666667,43.49444444444445
2391,RegionA,BatchInference,SeasonalMean,172.56666666666666,23.549999999999997
2392,RegionA,BatchInference,SeasonalMean,126.81666666666666,82.06666666666668
2393,RegionA,BatchInference,SeasonalMean,30.749999999999996,76.32777777777778
2394,RegionA,BatchInference,SeasonalMean,17.866666666666667,28.244444444444444
2395,RegionA,BatchInference,SeasonalMean,114.31666666666666,38.794444444444444
2396,RegionA,BatchInference,SeasonalMean,38.0,39.411111111111104
2397,RegionA,BatchInference,SeasonalMean,129.38333333333335,109.68888888888891
2398,RegionA,BatchInference,SeasonalMean,0.0,54.48333333333333
2399,RegionA,BatchInference,SeasonalMean,0.0,162.09444444444443
2376,RegionA,AITraining,GBDT,0.0,23.912173397818812
2377,RegionA,AITraining,GBDT,0.0,51.83321883672441
2378,RegionA,AITraining,GBDT,0.0,48.71193773832376
2379,RegionA,AITraining,GBDT,0.0,73.46476200745647
2380,RegionA,AITraining,GBDT,349.73333333333335,121.80684455911
2381,RegionA,AITraining,GBDT,0.0,118.24652959513358
2382,RegionA,AITraining,GBDT,0.0,85.58285352567981
2383,RegionA,AITraining,GBDT,0.0,156.82492721881158
2384,RegionA,AITraining,GBDT,0.0,208.6783293415393
2385,RegionA,AITraining,GBDT,0.0,135.80477866026047
2386,RegionA,AITraining,GBDT,0.0,140.46609220094442
2387,RegionA,AITraining,GBDT,0.0,185.87731925992188
2388,RegionA,AITraining,GBDT,101.28333333333333,236.72141813087333
2389,RegionA,AITraining,GBDT,0.0,143.63556522739714
2390,RegionA,AITraining,GBDT,0.0,41.07560027361299
2391,RegionA,AITraining,GBDT,62.28333333333334,72.4303987273967
2392,RegionA,AITraining,GBDT,0.0,65.19590658143069
2393,RegionA,AITraining,GBDT,0.0,107.53754211946467
2394,RegionA,AITraining,GBDT,0.0,198.38258557384782
2395,RegionA,AITraining,GBDT,0.0,84.63746189431555
2396,RegionA,AITraining,GBDT,630.1666666666667,67.62301652832245
2397,RegionA,AITraining,GBDT,284.3333333333333,74.55021442430753
2398,RegionA,AITraining,GBDT,0.0,116.91545839628463
2399,RegionA,AITraining,GBDT,0.0,94.00671904964824
2376,RegionA,AITraining,LastValue,0.0,18.2
2377,RegionA,AITraining,LastValue,0.0,18.2
2378,RegionA,AITraining,LastValue,0.0,18.2
2379,RegionA,AITraining,LastValue,0.0,18.2
2380,RegionA,AITraining,LastValue,349.73333333333335,18.2
2381,RegionA,AITraining,LastValue,0.0,18.2
2382,RegionA,AITraining,LastValue,0.0,18.2
2383,RegionA,AITraining,LastValue,0.0,18.2
2384,RegionA,AITraining,LastValue,0.0,18.2
2385,RegionA,AITraining,LastValue,0.0,18.2
2386,RegionA,AITraining,LastValue,0.0,18.2
2387,RegionA,AITraining,LastValue,0.0,18.2
2388,RegionA,AITraining,LastValue,101.28333333333333,18.2
2389,RegionA,AITraining,LastValue,0.0,18.2
2390,RegionA,AITraining,LastValue,0.0,18.2
2391,RegionA,AITraining,LastValue,62.28333333333334,18.2
2392,RegionA,AITraining,LastValue,0.0,18.2
2393,RegionA,AITraining,LastValue,0.0,18.2
2394,RegionA,AITraining,LastValue,0.0,18.2
2395,RegionA,AITraining,LastValue,0.0,18.2
2396,RegionA,AITraining,LastValue,630.1666666666667,18.2
2397,RegionA,AITraining,LastValue,284.3333333333333,18.2
2398,RegionA,AITraining,LastValue,0.0,18.2
2399,RegionA,AITraining,LastValue,0.0,18.2
2376,RegionA,AITraining,SeasonalMean,0.0,0.0
2377,RegionA,AITraining,SeasonalMean,0.0,0.0
2378,RegionA,AITraining,SeasonalMean,0.0,49.866666666666674
2379,RegionA,AITraining,SeasonalMean,0.0,16.033333333333335
2380,RegionA,AITraining,SeasonalMean,349.73333333333335,11.611111111111109
2381,RegionA,AITraining,SeasonalMean,0.0,0.0
2382,RegionA,AITraining,SeasonalMean,0.0,29.866666666666664
2383,RegionA,AITraining,SeasonalMean,0.0,67.66666666666667
2384,RegionA,AITraining,SeasonalMean,0.0,243.6833333333333
2385,RegionA,AITraining,SeasonalMean,0.0,99.08333333333333
2386,RegionA,AITraining,SeasonalMean,0.0,68.93333333333334
2387,RegionA,AITraining,SeasonalMean,0.0,108.46666666666665
2388,RegionA,AITraining,SeasonalMean,101.28333333333333,126.36111111111113
2389,RegionA,AITraining,SeasonalMean,0.0,0.0
2390,RegionA,AITraining,SeasonalMean,0.0,37.333333333333336
2391,RegionA,AITraining,SeasonalMean,62.28333333333334,17.916666666666668
2392,RegionA,AITraining,SeasonalMean,0.0,178.60000000000002
2393,RegionA,AITraining,SeasonalMean,0.0,24.0
2394,RegionA,AITraining,SeasonalMean,0.0,92.91111111111111
2395,RegionA,AITraining,SeasonalMean,0.0,0.0
2396,RegionA,AITraining,SeasonalMean,630.1666666666667,0.0
2397,RegionA,AITraining,SeasonalMean,284.3333333333333,0.0
2398,RegionA,AITraining,SeasonalMean,0.0,291.3277777777778
2399,RegionA,AITraining,SeasonalMean,0.0,6.066666666666666
2376,RegionB,RealTimeInference,GBDT,26.816666666666666,16.550804428775965
2377,RegionB,RealTimeInference,GBDT,20.816666666666666,27.349340742343944
2378,RegionB,RealTimeInference,GBDT,14.316666666666666,21.717565345707385
2379,RegionB,RealTimeInference,GBDT,6.4,27.291750626685605
2380,RegionB,RealTimeInference,GBDT,15.75,26.616829888576632
2381,RegionB,RealTimeInference,GBDT,14.233333333333333,28.30653594641278
2382,RegionB,RealTimeInference,GBDT,33.13333333333333,30.222971512717045
2383,RegionB,RealTimeInference,GBDT,24.133333333333333,27.226855828174884
2384,RegionB,RealTimeInference,GBDT,9.0,27.40948320400831
2385,RegionB,RealTimeInference,GBDT,44.89999999999999,30.62727557117364
2386,RegionB,RealTimeInference,GBDT,59.68333333333333,25.749439784974935
2387,RegionB,RealTimeInference,GBDT,30.7,31.298892317313946
2388,RegionB,RealTimeInference,GBDT,2.283333333333333,24.929587486424374
2389,RegionB,RealTimeInference,GBDT,0.0,28.460730279626148
2390,RegionB,RealTimeInference,GBDT,41.46666666666667,25.212218490565515
2391,RegionB,RealTimeInference,GBDT,20.75,28.72829757003332
2392,RegionB,RealTimeInference,GBDT,12.866666666666667,24.791799924064758
2393,RegionB,RealTimeInference,GBDT,48.95,21.57761584939509
2394,RegionB,RealTimeInference,GBDT,21.98333333333333,22.894268210125162
2395,RegionB,RealTimeInference,GBDT,3.3333333333333335,22.915034091536103
2396,RegionB,RealTimeInference,GBDT,55.08333333333333,26.397330742136738
2397,RegionB,RealTimeInference,GBDT,23.700000000000003,24.95234049837879
2398,RegionB,RealTimeInference,GBDT,18.78333333333333,25.994817166576578
2399,RegionB,RealTimeInference,GBDT,1.6833333333333333,30.6627738005769
2376,RegionB,RealTimeInference,LastValue,26.816666666666666,8.6
2377,RegionB,RealTimeInference,LastValue,20.816666666666666,8.6
2378,RegionB,RealTimeInference,LastValue,14.316666666666666,8.6
2379,RegionB,RealTimeInference,LastValue,6.4,8.6
2380,RegionB,RealTimeInference,LastValue,15.75,8.6
2381,RegionB,RealTimeInference,LastValue,14.233333333333333,8.6
2382,RegionB,RealTimeInference,LastValue,33.13333333333333,8.6
2383,RegionB,RealTimeInference,LastValue,24.133333333333333,8.6
2384,RegionB,RealTimeInference,LastValue,9.0,8.6
2385,RegionB,RealTimeInference,LastValue,44.89999999999999,8.6
2386,RegionB,RealTimeInference,LastValue,59.68333333333333,8.6
2387,RegionB,RealTimeInference,LastValue,30.7,8.6
2388,RegionB,RealTimeInference,LastValue,2.283333333333333,8.6
2389,RegionB,RealTimeInference,LastValue,0.0,8.6
2390,RegionB,RealTimeInference,LastValue,41.46666666666667,8.6
2391,RegionB,RealTimeInference,LastValue,20.75,8.6
2392,RegionB,RealTimeInference,LastValue,12.866666666666667,8.6
2393,RegionB,RealTimeInference,LastValue,48.95,8.6
2394,RegionB,RealTimeInference,LastValue,21.98333333333333,8.6
2395,RegionB,RealTimeInference,LastValue,3.3333333333333335,8.6
2396,RegionB,RealTimeInference,LastValue,55.08333333333333,8.6
2397,RegionB,RealTimeInference,LastValue,23.700000000000003,8.6
2398,RegionB,RealTimeInference,LastValue,18.78333333333333,8.6
2399,RegionB,RealTimeInference,LastValue,1.6833333333333333,8.6
2376,RegionB,RealTimeInference,SeasonalMean,26.816666666666666,24.58888888888889
2377,RegionB,RealTimeInference,SeasonalMean,20.816666666666666,47.81666666666667
2378,RegionB,RealTimeInference,SeasonalMean,14.316666666666666,20.91111111111111
2379,RegionB,RealTimeInference,SeasonalMean,6.4,33.13333333333333
2380,RegionB,RealTimeInference,SeasonalMean,15.75,30.427777777777777
2381,RegionB,RealTimeInference,SeasonalMean,14.233333333333333,21.12777777777778
2382,RegionB,RealTimeInference,SeasonalMean,33.13333333333333,30.86666666666667
2383,RegionB,RealTimeInference,SeasonalMean,24.133333333333333,23.533333333333335
2384,RegionB,RealTimeInference,SeasonalMean,9.0,24.20555555555556
2385,RegionB,RealTimeInference,SeasonalMean,44.89999999999999,33.605555555555554
2386,RegionB,RealTimeInference,SeasonalMean,59.68333333333333,36.97777777777778
2387,RegionB,RealTimeInference,SeasonalMean,30.7,17.705555555555552
2388,RegionB,RealTimeInference,SeasonalMean,2.283333333333333,38.44444444444444
2389,RegionB,RealTimeInference,SeasonalMean,0.0,27.33888888888889
2390,RegionB,RealTimeInference,SeasonalMean,41.46666666666667,30.833333333333332
2391,RegionB,RealTimeInference,SeasonalMean,20.75,32.36666666666667
2392,RegionB,RealTimeInference,SeasonalMean,12.866666666666667,22.522222222222222
2393,RegionB,RealTimeInference,SeasonalMean,48.95,33.0
2394,RegionB,RealTimeInference,SeasonalMean,21.98333333333333,23.094444444444445
2395,RegionB,RealTimeInference,SeasonalMean,3.3333333333333335,34.855555555555554
2396,RegionB,RealTimeInference,SeasonalMean,55.08333333333333,35.87777777777777
2397,RegionB,RealTimeInference,SeasonalMean,23.700000000000003,46.25
2398,RegionB,RealTimeInference,SeasonalMean,18.78333333333333,39.1
2399,RegionB,RealTimeInference,SeasonalMean,1.6833333333333333,11.911111111111111
2376,RegionB,BatchInference,GBDT,165.01666666666668,87.88280434331061
2377,RegionB,BatchInference,GBDT,19.133333333333333,73.43948454019124
2378,RegionB,BatchInference,GBDT,80.10000000000001,54.31282729523252
2379,RegionB,BatchInference,GBDT,56.25,59.10068208316097
2380,RegionB,BatchInference,GBDT,53.833333333333336,53.128732904332665
2381,RegionB,BatchInference,GBDT,16.866666666666667,44.68053120623179
2382,RegionB,BatchInference,GBDT,43.333333333333336,55.805463399090435
2383,RegionB,BatchInference,GBDT,179.35,52.28888047846589
2384,RegionB,BatchInference,GBDT,0.0,70.83627982666323
2385,RegionB,BatchInference,GBDT,190.6,48.737363229779724
2386,RegionB,BatchInference,GBDT,209.89999999999998,92.69538180788095
2387,RegionB,BatchInference,GBDT,144.98333333333335,61.74769569413592
2388,RegionB,BatchInference,GBDT,22.0,59.864773102172876
2389,RegionB,BatchInference,GBDT,71.93333333333334,80.67817310107017
2390,RegionB,BatchInference,GBDT,67.9,77.63661722045657
2391,RegionB,BatchInference,GBDT,65.88333333333333,94.73490651882987
2392,RegionB,BatchInference,GBDT,25.733333333333334,70.59885013490208
2393,RegionB,BatchInference,GBDT,0.0,40.014383536273044
2394,RegionB,BatchInference,GBDT,292.3666666666667,82.30112139356214
2395,RegionB,BatchInference,GBDT,0.0,106.66788171780645
2396,RegionB,BatchInference,GBDT,55.81666666666666,69.17625772661212
2397,RegionB,BatchInference,GBDT,12.666666666666666,38.644388217067096
2398,RegionB,BatchInference,GBDT,44.1,102.04420977210748
2399,RegionB,BatchInference,GBDT,264.3333333333333,54.24922996204931
2376,RegionB,BatchInference,LastValue,165.01666666666668,0.0
2377,RegionB,BatchInference,LastValue,19.133333333333333,0.0
2378,RegionB,BatchInference,LastValue,80.10000000000001,0.0
2379,RegionB,BatchInference,LastValue,56.25,0.0
2380,RegionB,BatchInference,LastValue,53.833333333333336,0.0
2381,RegionB,BatchInference,LastValue,16.866666666666667,0.0
2382,RegionB,BatchInference,LastValue,43.333333333333336,0.0
2383,RegionB,BatchInference,LastValue,179.35,0.0
2384,RegionB,BatchInference,LastValue,0.0,0.0
2385,RegionB,BatchInference,LastValue,190.6,0.0
2386,RegionB,BatchInference,LastValue,209.89999999999998,0.0
2387,RegionB,BatchInference,LastValue,144.98333333333335,0.0
2388,RegionB,BatchInference,LastValue,22.0,0.0
2389,RegionB,BatchInference,LastValue,71.93333333333334,0.0
2390,RegionB,BatchInference,LastValue,67.9,0.0
2391,RegionB,BatchInference,LastValue,65.88333333333333,0.0
2392,RegionB,BatchInference,LastValue,25.733333333333334,0.0
2393,RegionB,BatchInference,LastValue,0.0,0.0
2394,RegionB,BatchInference,LastValue,292.3666666666667,0.0
2395,RegionB,BatchInference,LastValue,0.0,0.0
2396,RegionB,BatchInference,LastValue,55.81666666666666,0.0
2397,RegionB,BatchInference,LastValue,12.666666666666666,0.0
2398,RegionB,BatchInference,LastValue,44.1,0.0
2399,RegionB,BatchInference,LastValue,264.3333333333333,0.0
2376,RegionB,BatchInference,SeasonalMean,165.01666666666668,75.57777777777777
2377,RegionB,BatchInference,SeasonalMean,19.133333333333333,57.37222222222223
2378,RegionB,BatchInference,SeasonalMean,80.10000000000001,77.11111111111111
2379,RegionB,BatchInference,SeasonalMean,56.25,69.31111111111112
2380,RegionB,BatchInference,SeasonalMean,53.833333333333336,97.29444444444444
2381,RegionB,BatchInference,SeasonalMean,16.866666666666667,176.36666666666667
2382,RegionB,BatchInference,SeasonalMean,43.333333333333336,0.0
2383,RegionB,BatchInference,SeasonalMean,179.35,119.06666666666666
2384,RegionB,BatchInference,SeasonalMean,0.0,51.84444444444444
2385,RegionB,BatchInference,SeasonalMean,190.6,4.35
2386,RegionB,BatchInference,SeasonalMean,209.89999999999998,75.66111111111111
2387,RegionB,BatchInference,SeasonalMean,144.98333333333335,79.06111111111112
2388,RegionB,BatchInference,SeasonalMean,22.0,71.95
2389,RegionB,BatchInference,SeasonalMean,71.93333333333334,41.916666666666664
2390,RegionB,BatchInference,SeasonalMean,67.9,7.083333333333333
2391,RegionB,BatchInference,SeasonalMean,65.88333333333333,4.3999999999999995
2392,RegionB,BatchInference,SeasonalMean,25.733333333333334,18.36666666666667
2393,RegionB,BatchInference,SeasonalMean,0.0,0.0
2394,RegionB,BatchInference,SeasonalMean,292.3666666666667,50.23888888888889
2395,RegionB,BatchInference,SeasonalMean,0.0,53.98333333333333
2396,RegionB,BatchInference,SeasonalMean,55.81666666666666,185.2722222222222
2397,RegionB,BatchInference,SeasonalMean,12.666666666666666,26.561111111111114
2398,RegionB,BatchInference,SeasonalMean,44.1,68.31666666666666
2399,RegionB,BatchInference,SeasonalMean,264.3333333333333,43.400000000000006
2376,RegionB,AITraining,GBDT,0.0,165.4937294738996
2377,RegionB,AITraining,GBDT,0.0,171.07741444551584
2378,RegionB,AITraining,GBDT,0.0,62.23456283463458
2379,RegionB,AITraining,GBDT,0.0,80.95342017103485
2380,RegionB,AITraining,GBDT,428.5,135.2776971656511
2381,RegionB,AITraining,GBDT,433.09999999999997,78.38495678469337
2382,RegionB,AITraining,GBDT,0.0,42.44880587493889
2383,RegionB,AITraining,GBDT,0.0,96.95633593764757
2384,RegionB,AITraining,GBDT,150.8,126.12001411709998
2385,RegionB,AITraining,GBDT,0.0,133.50926238396715
2386,RegionB,AITraining,GBDT,372.9,138.8999423582822
2387,RegionB,AITraining,GBDT,0.0,76.61470605654445
2388,RegionB,AITraining,GBDT,0.0,174.52800160741148
2389,RegionB,AITraining,GBDT,135.7,167.27726624707608
2390,RegionB,AITraining,GBDT,0.0,206.3080004097018
2391,RegionB,AITraining,GBDT,314.29999999999995,218.2424141892336
2392,RegionB,AITraining,GBDT,0.0,263.5154240467758
2393,RegionB,AITraining,GBDT,0.0,341.5318625115181
2394,RegionB,AITraining,GBDT,0.0,232.54373313685343
2395,RegionB,AITraining,GBDT,168.66666666666669,197.70231283597334
2396,RegionB,AITraining,GBDT,211.65,212.01840718891
2397,RegionB,AITraining,GBDT,0.0,243.70652900454283
2398,RegionB,AITraining,GBDT,11.733333333333333,258.2671250088879
2399,RegionB,AITraining,GBDT,0.0,253.32311098234618
2376,RegionB,AITraining,LastValue,0.0,305.0
2377,RegionB,AITraining,LastValue,0.0,305.0
2378,RegionB,AITraining,LastValue,0.0,305.0
2379,RegionB,AITraining,LastValue,0.0,305.0
2380,RegionB,AITraining,LastValue,428.5,305.0
2381,RegionB,AITraining,LastValue,433.09999999999997,305.0
2382,RegionB,AITraining,LastValue,0.0,305.0
2383,RegionB,AITraining,LastValue,0.0,305.0
2384,RegionB,AITraining,LastValue,150.8,305.0
2385,RegionB,AITraining,LastValue,0.0,305.0
2386,RegionB,AITraining,LastValue,372.9,305.0
2387,RegionB,AITraining,LastValue,0.0,305.0
2388,RegionB,AITraining,LastValue,0.0,305.0
2389,RegionB,AITraining,LastValue,135.7,305.0
2390,RegionB,AITraining,LastValue,0.0,305.0
2391,RegionB,AITraining,LastValue,314.29999999999995,305.0
2392,RegionB,AITraining,LastValue,0.0,305.0
2393,RegionB,AITraining,LastValue,0.0,305.0
2394,RegionB,AITraining,LastValue,0.0,305.0
2395,RegionB,AITraining,LastValue,168.66666666666669,305.0
2396,RegionB,AITraining,LastValue,211.65,305.0
2397,RegionB,AITraining,LastValue,0.0,305.0
2398,RegionB,AITraining,LastValue,11.733333333333333,305.0
2399,RegionB,AITraining,LastValue,0.0,305.0
2376,RegionB,AITraining,SeasonalMean,0.0,239.41111111111113
2377,RegionB,AITraining,SeasonalMean,0.0,46.46111111111111
2378,RegionB,AITraining,SeasonalMean,0.0,65.39444444444445
2379,RegionB,AITraining,SeasonalMean,0.0,0.0
2380,RegionB,AITraining,SeasonalMean,428.5,172.54444444444445
2381,RegionB,AITraining,SeasonalMean,433.09999999999997,0.0
2382,RegionB,AITraining,SeasonalMean,0.0,4.438888888888889
2383,RegionB,AITraining,SeasonalMean,0.0,98.83333333333333
2384,RegionB,AITraining,SeasonalMean,150.8,80.35555555555555
2385,RegionB,AITraining,SeasonalMean,0.0,109.16666666666667
2386,RegionB,AITraining,SeasonalMean,372.9,28.427777777777777
2387,RegionB,AITraining,SeasonalMean,0.0,206.46666666666667
2388,RegionB,AITraining,SeasonalMean,0.0,25.555555555555557
2389,RegionB,AITraining,SeasonalMean,135.7,451.1666666666667
2390,RegionB,AITraining,SeasonalMean,0.0,208.0
2391,RegionB,AITraining,SeasonalMean,314.29999999999995,84.66111111111111
2392,RegionB,AITraining,SeasonalMean,0.0,199.91111111111113
2393,RegionB,AITraining,SeasonalMean,0.0,212.45555555555552
2394,RegionB,AITraining,SeasonalMean,0.0,142.93333333333337
2395,RegionB,AITraining,SeasonalMean,168.66666666666669,0.0
2396,RegionB,AITraining,SeasonalMean,211.65,49.11111111111111
2397,RegionB,AITraining,SeasonalMean,0.0,0.0
2398,RegionB,AITraining,SeasonalMean,11.733333333333333,46.0
2399,RegionB,AITraining,SeasonalMean,0.0,101.66666666666667
2376,RegionC,RealTimeInference,GBDT,23.349999999999998,23.058778480839514
2377,RegionC,RealTimeInference,GBDT,5.866666666666666,27.05730674500953
2378,RegionC,RealTimeInference,GBDT,0.0,31.89039976819127
2379,RegionC,RealTimeInference,GBDT,0.0,44.38243913545264
2380,RegionC,RealTimeInference,GBDT,70.13333333333334,39.320037428605296
2381,RegionC,RealTimeInference,GBDT,32.31666666666666,32.50142953133185
2382,RegionC,RealTimeInference,GBDT,30.433333333333334,22.836604803841816
2383,RegionC,RealTimeInference,GBDT,8.4,10.27263570910144
2384,RegionC,RealTimeInference,GBDT,14.65,8.399473026810762
2385,RegionC,RealTimeInference,GBDT,7.583333333333333,34.160320938210766
2386,RegionC,RealTimeInference,GBDT,23.566666666666666,24.28648847066555
2387,RegionC,RealTimeInference,GBDT,73.91666666666666,14.308521070529913
2388,RegionC,RealTimeInference,GBDT,0.0,20.37727448760963
2389,RegionC,RealTimeInference,GBDT,16.566666666666666,34.09153555848863
2390,RegionC,RealTimeInference,GBDT,38.45,27.643285458858013
2391,RegionC,RealTimeInference,GBDT,23.666666666666664,31.34028010562034
2392,RegionC,RealTimeInference,GBDT,8.533333333333333,33.57323055715746
2393,RegionC,RealTimeInference,GBDT,22.666666666666668,22.637524046404508
2394,RegionC,RealTimeInference,GBDT,0.0,24.869801333638758
2395,RegionC,RealTimeInference,GBDT,14.583333333333332,20.67930681550133
2396,RegionC,RealTimeInference,GBDT,21.083333333333332,46.15040676359963
2397,RegionC,RealTimeInference,GBDT,0.0,38.743863493387984
2398,RegionC,RealTimeInference,GBDT,38.400000000000006,28.863003031805327
2399,RegionC,RealTimeInference,GBDT,38.68333333333334,24.05246494219719
2376,RegionC,RealTimeInference,LastValue,23.349999999999998,9.666666666666666
2377,RegionC,RealTimeInference,LastValue,5.866666666666666,9.666666666666666
2378,RegionC,RealTimeInference,LastValue,0.0,9.666666666666666
2379,RegionC,RealTimeInference,LastValue,0.0,9.666666666666666
2380,RegionC,RealTimeInference,LastValue,70.13333333333334,9.666666666666666
2381,RegionC,RealTimeInference,LastValue,32.31666666666666,9.666666666666666
2382,RegionC,RealTimeInference,LastValue,30.433333333333334,9.666666666666666
2383,RegionC,RealTimeInference,LastValue,8.4,9.666666666666666
2384,RegionC,RealTimeInference,LastValue,14.65,9.666666666666666
2385,RegionC,RealTimeInference,LastValue,7.583333333333333,9.666666666666666
2386,RegionC,RealTimeInference,LastValue,23.566666666666666,9.666666666666666
2387,RegionC,RealTimeInference,LastValue,73.91666666666666,9.666666666666666
2388,RegionC,RealTimeInference,LastValue,0.0,9.666666666666666
2389,RegionC,RealTimeInference,LastValue,16.566666666666666,9.666666666666666
2390,RegionC,RealTimeInference,LastValue,38.45,9.666666666666666
2391,RegionC,RealTimeInference,LastValue,23.666666666666664,9.666666666666666
2392,RegionC,RealTimeInference,LastValue,8.533333333333333,9.666666666666666
2393,RegionC,RealTimeInference,LastValue,22.666666666666668,9.666666666666666
2394,RegionC,RealTimeInference,LastValue,0.0,9.666666666666666
2395,RegionC,RealTimeInference,LastValue,14.583333333333332,9.666666666666666
2396,RegionC,RealTimeInference,LastValue,21.083333333333332,9.666666666666666
2397,RegionC,RealTimeInference,LastValue,0.0,9.666666666666666
2398,RegionC,RealTimeInference,LastValue,38.400000000000006,9.666666666666666
2399,RegionC,RealTimeInference,LastValue,38.68333333333334,9.666666666666666
2376,RegionC,RealTimeInference,SeasonalMean,23.349999999999998,33.87777777777777
2377,RegionC,RealTimeInference,SeasonalMean,5.866666666666666,21.544444444444448
2378,RegionC,RealTimeInference,SeasonalMean,0.0,5.133333333333334
2379,RegionC,RealTimeInference,SeasonalMean,0.0,46.43888888888889
2380,RegionC,RealTimeInference,SeasonalMean,70.13333333333334,35.55
2381,RegionC,RealTimeInference,SeasonalMean,32.31666666666666,35.922222222222224
2382,RegionC,RealTimeInference,SeasonalMean,30.433333333333334,13.466666666666667
2383,RegionC,RealTimeInference,SeasonalMean,8.4,9.166666666666666
2384,RegionC,RealTimeInference,SeasonalMean,14.65,21.027777777777775
2385,RegionC,RealTimeInference,SeasonalMean,7.583333333333333,31.11111111111111
2386,RegionC,RealTimeInference,SeasonalMean,23.566666666666666,30.38333333333333
2387,RegionC,RealTimeInference,SeasonalMean,73.91666666666666,10.477777777777778
2388,RegionC,RealTimeInference,SeasonalMean,0.0,12.011111111111111
2389,RegionC,RealTimeInference,SeasonalMean,16.566666666666666,79.3888888888889
2390,RegionC,RealTimeInference,SeasonalMean,38.45,44.56666666666666
2391,RegionC,RealTimeInference,SeasonalMean,23.666666666666664,19.566666666666666
2392,RegionC,RealTimeInference,SeasonalMean,8.533333333333333,17.07777777777778
2393,RegionC,RealTimeInference,SeasonalMean,22.666666666666668,35.522222222222226
2394,RegionC,RealTimeInference,SeasonalMean,0.0,11.305555555555557
2395,RegionC,RealTimeInference,SeasonalMean,14.583333333333332,14.927777777777777
2396,RegionC,RealTimeInference,SeasonalMean,21.083333333333332,5.3
2397,RegionC,RealTimeInference,SeasonalMean,0.0,50.15
2398,RegionC,RealTimeInference,SeasonalMean,38.400000000000006,5.816666666666667
2399,RegionC,RealTimeInference,SeasonalMean,38.68333333333334,16.25
2376,RegionC,BatchInference,GBDT,0.0,46.81544331535641
2377,RegionC,BatchInference,GBDT,0.0,62.24928284473318
2378,RegionC,BatchInference,GBDT,56.349999999999994,61.73920104553249
2379,RegionC,BatchInference,GBDT,135.11666666666667,55.93095940014908
2380,RegionC,BatchInference,GBDT,40.7,62.578337798348436
2381,RegionC,BatchInference,GBDT,81.13333333333333,52.61906106485689
2382,RegionC,BatchInference,GBDT,69.4,36.43151882896436
2383,RegionC,BatchInference,GBDT,0.0,31.93610093696529
2384,RegionC,BatchInference,GBDT,53.266666666666666,29.764211892200198
2385,RegionC,BatchInference,GBDT,167.08333333333331,27.342294385884863
2386,RegionC,BatchInference,GBDT,42.93333333333334,61.00882850784312
2387,RegionC,BatchInference,GBDT,0.0,66.85684807880655
2388,RegionC,BatchInference,GBDT,103.35,22.432715447299376
2389,RegionC,BatchInference,GBDT,3.5999999999999996,29.693959164448568
2390,RegionC,BatchInference,GBDT,0.0,33.36321630657334
2391,RegionC,BatchInference,GBDT,0.0,15.14537829059185
2392,RegionC,BatchInference,GBDT,25.900000000000002,23.05422876500363
2393,RegionC,BatchInference,GBDT,44.400000000000006,61.48590189172549
2394,RegionC,BatchInference,GBDT,0.0,50.73725796114869
2395,RegionC,BatchInference,GBDT,8.266666666666667,34.31106918503039
2396,RegionC,BatchInference,GBDT,14.05,59.472947638660095
2397,RegionC,BatchInference,GBDT,45.333333333333336,52.45786246067546
2398,RegionC,BatchInference,GBDT,0.0,33.80370845016423
2399,RegionC,BatchInference,GBDT,62.7,48.09576354483747
2376,RegionC,BatchInference,LastValue,0.0,13.333333333333334
2377,RegionC,BatchInference,LastValue,0.0,13.333333333333334
2378,RegionC,BatchInference,LastValue,56.349999999999994,13.333333333333334
2379,RegionC,BatchInference,LastValue,135.11666666666667,13.333333333333334
2380,RegionC,BatchInference,LastValue,40.7,13.333333333333334
2381,RegionC,BatchInference,LastValue,81.13333333333333,13.333333333333334
2382,RegionC,BatchInference,LastValue,69.4,13.333333333333334
2383,RegionC,BatchInference,LastValue,0.0,13.333333333333334
2384,RegionC,BatchInference,LastValue,53.266666666666666,13.333333333333334
2385,RegionC,BatchInference,LastValue,167.08333333333331,13.333333333333334
2386,RegionC,BatchInference,LastValue,42.93333333333334,13.333333333333334
2387,RegionC,BatchInference,LastValue,0.0,13.333333333333334
2388,RegionC,BatchInference,LastValue,103.35,13.333333333333334
2389,RegionC,BatchInference,LastValue,3.5999999999999996,13.333333333333334
2390,RegionC,BatchInference,LastValue,0.0,13.333333333333334
2391,RegionC,BatchInference,LastValue,0.0,13.333333333333334
2392,RegionC,BatchInference,LastValue,25.900000000000002,13.333333333333334
2393,RegionC,BatchInference,LastValue,44.400000000000006,13.333333333333334
2394,RegionC,BatchInference,LastValue,0.0,13.333333333333334
2395,RegionC,BatchInference,LastValue,8.266666666666667,13.333333333333334
2396,RegionC,BatchInference,LastValue,14.05,13.333333333333334
2397,RegionC,BatchInference,LastValue,45.333333333333336,13.333333333333334
2398,RegionC,BatchInference,LastValue,0.0,13.333333333333334
2399,RegionC,BatchInference,LastValue,62.7,13.333333333333334
2376,RegionC,BatchInference,SeasonalMean,0.0,22.75555555555556
2377,RegionC,BatchInference,SeasonalMean,0.0,30.266666666666662
2378,RegionC,BatchInference,SeasonalMean,56.349999999999994,31.072222222222223
2379,RegionC,BatchInference,SeasonalMean,135.11666666666667,106.73333333333333
2380,RegionC,BatchInference,SeasonalMean,40.7,46.76666666666666
2381,RegionC,BatchInference,SeasonalMean,81.13333333333333,15.411111111111111
2382,RegionC,BatchInference,SeasonalMean,69.4,7.983333333333333
2383,RegionC,BatchInference,SeasonalMean,0.0,31.933333333333334
2384,RegionC,BatchInference,SeasonalMean,53.266666666666666,98.85000000000001
2385,RegionC,BatchInference,SeasonalMean,167.08333333333331,131.15555555555554
2386,RegionC,BatchInference,SeasonalMean,42.93333333333334,2.488888888888889
2387,RegionC,BatchInference,SeasonalMean,0.0,57.87777777777779
2388,RegionC,BatchInference,SeasonalMean,103.35,77.32222222222222
2389,RegionC,BatchInference,SeasonalMean,3.5999999999999996,42.861111111111114
2390,RegionC,BatchInference,SeasonalMean,0.0,34.31111111111111
2391,RegionC,BatchInference,SeasonalMean,0.0,104.36111111111113
2392,RegionC,BatchInference,SeasonalMean,25.900000000000002,27.71666666666667
2393,RegionC,BatchInference,SeasonalMean,44.400000000000006,39.63333333333333
2394,RegionC,BatchInference,SeasonalMean,0.0,39.9
2395,RegionC,BatchInference,SeasonalMean,8.266666666666667,79.69444444444444
2396,RegionC,BatchInference,SeasonalMean,14.05,29.23333333333333
2397,RegionC,BatchInference,SeasonalMean,45.333333333333336,49.794444444444444
2398,RegionC,BatchInference,SeasonalMean,0.0,42.02777777777778
2399,RegionC,BatchInference,SeasonalMean,62.7,17.822222222222223
2376,RegionC,AITraining,GBDT,0.0,0.0
2377,RegionC,AITraining,GBDT,399.6666666666667,85.64279228940909
2378,RegionC,AITraining,GBDT,90.94999999999999,8.195189712083243
2379,RegionC,AITraining,GBDT,0.0,39.16886261057572
2380,RegionC,AITraining,GBDT,0.0,107.36430315505248
2381,RegionC,AITraining,GBDT,160.93333333333334,158.63535695334605
2382,RegionC,AITraining,GBDT,150.75,51.40200714944144
2383,RegionC,AITraining,GBDT,0.0,77.76686849879692
2384,RegionC,AITraining,GBDT,0.0,168.86151308248145
2385,RegionC,AITraining,GBDT,0.0,111.33987810618441
2386,RegionC,AITraining,GBDT,0.0,76.64896149986778
2387,RegionC,AITraining,GBDT,282.1,114.15838746200984
2388,RegionC,AITraining,GBDT,0.0,30.644392442131235
2389,RegionC,AITraining,GBDT,0.0,78.75851587427003
2390,RegionC,AITraining,GBDT,0.0,2.285337002650784
2391,RegionC,AITraining,GBDT,0.0,60.48498232351577
2392,RegionC,AITraining,GBDT,100.5,34.022144005760296
2393,RegionC,AITraining,GBDT,0.0,58.15018405512482
2394,RegionC,AITraining,GBDT,0.0,90.32548047703514
2395,RegionC,AITraining,GBDT,0.0,121.6737784858767
2396,RegionC,AITraining,GBDT,0.0,123.39445221131868
2397,RegionC,AITraining,GBDT,0.0,148.1756227524446
2398,RegionC,AITraining,GBDT,93.33333333333333,122.06600089134098
2399,RegionC,AITraining,GBDT,144.91666666666666,147.9644303540896
2376,RegionC,AITraining,LastValue,0.0,0.0
2377,RegionC,AITraining,LastValue,399.6666666666667,0.0
2378,RegionC,AITraining,LastValue,90.94999999999999,0.0
2379,RegionC,AITraining,LastValue,0.0,0.0
2380,RegionC,AITraining,LastValue,0.0,0.0
2381,RegionC,AITraining,LastValue,160.93333333333334,0.0
2382,RegionC,AITraining,LastValue,150.75,0.0
2383,RegionC,AITraining,LastValue,0.0,0.0
2384,RegionC,AITraining,LastValue,0.0,0.0
2385,RegionC,AITraining,LastValue,0.0,0.0
2386,RegionC,AITraining,LastValue,0.0,0.0
2387,RegionC,AITraining,LastValue,282.1,0.0
2388,RegionC,AITraining,LastValue,0.0,0.0
2389,RegionC,AITraining,LastValue,0.0,0.0
2390,RegionC,AITraining,LastValue,0.0,0.0
2391,RegionC,AITraining,LastValue,0.0,0.0
2392,RegionC,AITraining,LastValue,100.5,0.0
2393,RegionC,AITraining,LastValue,0.0,0.0
2394,RegionC,AITraining,LastValue,0.0,0.0
2395,RegionC,AITraining,LastValue,0.0,0.0
2396,RegionC,AITraining,LastValue,0.0,0.0
2397,RegionC,AITraining,LastValue,0.0,0.0
2398,RegionC,AITraining,LastValue,93.33333333333333,0.0
2399,RegionC,AITraining,LastValue,144.91666666666666,0.0
2376,RegionC,AITraining,SeasonalMean,0.0,118.6111111111111
2377,RegionC,AITraining,SeasonalMean,399.6666666666667,18.822222222222223
2378,RegionC,AITraining,SeasonalMean,90.94999999999999,304.2944444444444
2379,RegionC,AITraining,SeasonalMean,0.0,0.0
2380,RegionC,AITraining,SeasonalMean,0.0,64.17777777777778
2381,RegionC,AITraining,SeasonalMean,160.93333333333334,52.0
2382,RegionC,AITraining,SeasonalMean,150.75,61.36111111111111
2383,RegionC,AITraining,SeasonalMean,0.0,10.0
2384,RegionC,AITraining,SeasonalMean,0.0,36.111111111111114
2385,RegionC,AITraining,SeasonalMean,0.0,0.0
2386,RegionC,AITraining,SeasonalMean,0.0,88.88888888888887
2387,RegionC,AITraining,SeasonalMean,282.1,0.0
2388,RegionC,AITraining,SeasonalMean,0.0,133.1
2389,RegionC,AITraining,SeasonalMean,0.0,60.949999999999996
2390,RegionC,AITraining,SeasonalMean,0.0,155.75
2391,RegionC,AITraining,SeasonalMean,0.0,8.883333333333335
2392,RegionC,AITraining,SeasonalMean,100.5,0.0
2393,RegionC,AITraining,SeasonalMean,0.0,0.0
2394,RegionC,AITraining,SeasonalMean,0.0,0.0
2395,RegionC,AITraining,SeasonalMean,0.0,213.87222222222223
2396,RegionC,AITraining,SeasonalMean,0.0,0.0
2397,RegionC,AITraining,SeasonalMean,0.0,146.41666666666666
2398,RegionC,AITraining,SeasonalMean,93.33333333333333,22.366666666666664
2399,RegionC,AITraining,SeasonalMean,144.91666666666666,24.266666666666666
2376,RegionD,RealTimeInference,GBDT,0.0,1.6435776548503125
2377,RegionD,RealTimeInference,GBDT,0.0,2.94351373828782
2378,RegionD,RealTimeInference,GBDT,0.0,3.81553702814319
2379,RegionD,RealTimeInference,GBDT,29.099999999999998,4.129471827180299
2380,RegionD,RealTimeInference,GBDT,0.0,8.264633426517962
2381,RegionD,RealTimeInference,GBDT,0.0,2.0261450475484053
2382,RegionD,RealTimeInference,GBDT,4.783333333333333,0.0
2383,RegionD,RealTimeInference,GBDT,0.0,0.0
2384,RegionD,RealTimeInference,GBDT,0.0,2.113120078228065
2385,RegionD,RealTimeInference,GBDT,0.0,7.701940159943455
2386,RegionD,RealTimeInference,GBDT,13.333333333333334,0.5314478742095085
2387,RegionD,RealTimeInference,GBDT,0.0,7.261097086870946
2388,RegionD,RealTimeInference,GBDT,0.0,2.8898976936160246
2389,RegionD,RealTimeInference,GBDT,0.0,4.953631426030222
2390,RegionD,RealTimeInference,GBDT,0.0,3.116558219118456
2391,RegionD,RealTimeInference,GBDT,9.333333333333334,8.848966761879682
2392,RegionD,RealTimeInference,GBDT,0.0,0.42871754734705086
2393,RegionD,RealTimeInference,GBDT,0.0,8.17083273807539
2394,RegionD,RealTimeInference,GBDT,0.0,1.0757988550746618
2395,RegionD,RealTimeInference,GBDT,10.45,3.3889950430781877
2396,RegionD,RealTimeInference,GBDT,0.0,1.1558522612102378
2397,RegionD,RealTimeInference,GBDT,0.0,2.8814546936327607
2398,RegionD,RealTimeInference,GBDT,9.299999999999999,1.071805302123828
2399,RegionD,RealTimeInference,GBDT,0.0,2.6342501083880125
2376,RegionD,RealTimeInference,LastValue,0.0,0.0
2377,RegionD,RealTimeInference,LastValue,0.0,0.0
2378,RegionD,RealTimeInference,LastValue,0.0,0.0
2379,RegionD,RealTimeInference,LastValue,29.099999999999998,0.0
2380,RegionD,RealTimeInference,LastValue,0.0,0.0
2381,RegionD,RealTimeInference,LastValue,0.0,0.0
2382,RegionD,RealTimeInference,LastValue,4.783333333333333,0.0
2383,RegionD,RealTimeInference,LastValue,0.0,0.0
2384,RegionD,RealTimeInference,LastValue,0.0,0.0
2385,RegionD,RealTimeInference,LastValue,0.0,0.0
2386,RegionD,RealTimeInference,LastValue,13.333333333333334,0.0
2387,RegionD,RealTimeInference,LastValue,0.0,0.0
2388,RegionD,RealTimeInference,LastValue,0.0,0.0
2389,RegionD,RealTimeInference,LastValue,0.0,0.0
2390,RegionD,RealTimeInference,LastValue,0.0,0.0
2391,RegionD,RealTimeInference,LastValue,9.333333333333334,0.0
2392,RegionD,RealTimeInference,LastValue,0.0,0.0
2393,RegionD,RealTimeInference,LastValue,0.0,0.0
2394,RegionD,RealTimeInference,LastValue,0.0,0.0
2395,RegionD,RealTimeInference,LastValue,10.45,0.0
2396,RegionD,RealTimeInference,LastValue,0.0,0.0
2397,RegionD,RealTimeInference,LastValue,0.0,0.0
2398,RegionD,RealTimeInference,LastValue,9.299999999999999,0.0
2399,RegionD,RealTimeInference,LastValue,0.0,0.0
2376,RegionD,RealTimeInference,SeasonalMean,0.0,0.0
2377,RegionD,RealTimeInference,SeasonalMean,0.0,0.0
2378,RegionD,RealTimeInference,SeasonalMean,0.0,0.0
2379,RegionD,RealTimeInference,SeasonalMean,29.099999999999998,0.0
2380,RegionD,RealTimeInference,SeasonalMean,0.0,5.716666666666668
2381,RegionD,RealTimeInference,SeasonalMean,0.0,0.0
2382,RegionD,RealTimeInference,SeasonalMean,4.783333333333333,8.766666666666666
2383,RegionD,RealTimeInference,SeasonalMean,0.0,0.0
2384,RegionD,RealTimeInference,SeasonalMean,0.0,0.0
2385,RegionD,RealTimeInference,SeasonalMean,0.0,12.883333333333333
2386,RegionD,RealTimeInference,SeasonalMean,13.333333333333334,3.477777777777778
2387,RegionD,RealTimeInference,SeasonalMean,0.0,0.0
2388,RegionD,RealTimeInference,SeasonalMean,0.0,10.555555555555555
2389,RegionD,RealTimeInference,SeasonalMean,0.0,0.0
2390,RegionD,RealTimeInference,SeasonalMean,0.0,0.14444444444444446
2391,RegionD,RealTimeInference,SeasonalMean,9.333333333333334,0.0
2392,RegionD,RealTimeInference,SeasonalMean,0.0,0.0
2393,RegionD,RealTimeInference,SeasonalMean,0.0,0.0
2394,RegionD,RealTimeInference,SeasonalMean,0.0,4.05
2395,RegionD,RealTimeInference,SeasonalMean,10.45,0.2111111111111111
2396,RegionD,RealTimeInference,SeasonalMean,0.0,0.3055555555555555
2397,RegionD,RealTimeInference,SeasonalMean,0.0,0.0
2398,RegionD,RealTimeInference,SeasonalMean,9.299999999999999,0.0
2399,RegionD,RealTimeInference,SeasonalMean,0.0,6.666666666666667
2376,RegionD,BatchInference,GBDT,62.333333333333336,68.13168441919832
2377,RegionD,BatchInference,GBDT,0.0,79.84236704916955
2378,RegionD,BatchInference,GBDT,27.21666666666667,54.80939523698937
2379,RegionD,BatchInference,GBDT,64.16666666666666,62.45090795836572
2380,RegionD,BatchInference,GBDT,117.33333333333333,80.80842424922501
2381,RegionD,BatchInference,GBDT,0.0,63.40804357460815
2382,RegionD,BatchInference,GBDT,44.71666666666667,66.1437423678245
2383,RegionD,BatchInference,GBDT,28.633333333333333,68.42460695625135
2384,RegionD,BatchInference,GBDT,22.6,59.80745085276463
2385,RegionD,BatchInference,GBDT,133.93333333333334,63.725463243866
2386,RegionD,BatchInference,GBDT,179.55,58.845728316753814
2387,RegionD,BatchInference,GBDT,93.5,50.55979201120488
2388,RegionD,BatchInference,GBDT,164.38333333333333,56.62558070637115
2389,RegionD,BatchInference,GBDT,0.0,70.37233563331739
2390,RegionD,BatchInference,GBDT,193.65,58.26545733841867
2391,RegionD,BatchInference,GBDT,0.0,64.63537477793518
2392,RegionD,BatchInference,GBDT,130.18333333333334,68.49197475479669
2393,RegionD,BatchInference,GBDT,19.383333333333333,78.20073217535257
2394,RegionD,BatchInference,GBDT,183.93333333333334,78.27786297001694
2395,RegionD,BatchInference,GBDT,142.7,76.62863104854178
2396,RegionD,BatchInference,GBDT,276.4666666666667,91.8693853579249
2397,RegionD,BatchInference,GBDT,41.93333333333333,59.59004666159135
2398,RegionD,BatchInference,GBDT,46.56666666666667,38.351938248702524
2399,RegionD,BatchInference,GBDT,0.0,47.6622204491978
2376,RegionD,BatchInference,LastValue,62.333333333333336,0.0
2377,RegionD,BatchInference,LastValue,0.0,0.0
2378,RegionD,BatchInference,LastValue,27.21666666666667,0.0
2379,RegionD,BatchInference,LastValue,64.16666666666666,0.0
2380,RegionD,BatchInference,LastValue,117.33333333333333,0.0
2381,RegionD,BatchInference,LastValue,0.0,0.0
2382,RegionD,BatchInference,LastValue,44.71666666666667,0.0
2383,RegionD,BatchInference,LastValue,28.633333333333333,0.0
2384,RegionD,BatchInference,LastValue,22.6,0.0
2385,RegionD,BatchInference,LastValue,133.93333333333334,0.0
2386,RegionD,BatchInference,LastValue,179.55,0.0
2387,RegionD,BatchInference,LastValue,93.5,0.0
2388,RegionD,BatchInference,LastValue,164.38333333333333,0.0
2389,RegionD,BatchInference,LastValue,0.0,0.0
2390,RegionD,BatchInference,LastValue,193.65,0.0
2391,RegionD,BatchInference,LastValue,0.0,0.0
2392,RegionD,BatchInference,LastValue,130.18333333333334,0.0
2393,RegionD,BatchInference,LastValue,19.383333333333333,0.0
2394,RegionD,BatchInference,LastValue,183.93333333333334,0.0
2395,RegionD,BatchInference,LastValue,142.7,0.0
2396,RegionD,BatchInference,LastValue,276.4666666666667,0.0
2397,RegionD,BatchInference,LastValue,41.93333333333333,0.0
2398,RegionD,BatchInference,LastValue,46.56666666666667,0.0
2399,RegionD,BatchInference,LastValue,0.0,0.0
2376,RegionD,BatchInference,SeasonalMean,62.333333333333336,120.87222222222222
2377,RegionD,BatchInference,SeasonalMean,0.0,149.4777777777778
2378,RegionD,BatchInference,SeasonalMean,27.21666666666667,84.38888888888889
2379,RegionD,BatchInference,SeasonalMean,64.16666666666666,152.16666666666666
2380,RegionD,BatchInference,SeasonalMean,117.33333333333333,69.11666666666667
2381,RegionD,BatchInference,SeasonalMean,0.0,48.73333333333333
2382,RegionD,BatchInference,SeasonalMean,44.71666666666667,20.583333333333332
2383,RegionD,BatchInference,SeasonalMean,28.633333333333333,35.23888888888889
2384,RegionD,BatchInference,SeasonalMean,22.6,41.18888888888889
2385,RegionD,BatchInference,SeasonalMean,133.93333333333334,3.266666666666667
2386,RegionD,BatchInference,SeasonalMean,179.55,2.9555555555555557
2387,RegionD,BatchInference,SeasonalMean,93.5,127.35555555555555
2388,RegionD,BatchInference,SeasonalMean,164.38333333333333,64.52222222222223
2389,RegionD,BatchInference,SeasonalMean,0.0,161.65555555555557
2390,RegionD,BatchInference,SeasonalMean,193.65,54.677777777777784
2391,RegionD,BatchInference,SeasonalMean,0.0,37.73888888888889
2392,RegionD,BatchInference,SeasonalMean,130.18333333333334,66.06666666666668
2393,RegionD,BatchInference,SeasonalMean,19.383333333333333,49.02222222222222
2394,RegionD,BatchInference,SeasonalMean,183.93333333333334,70.36666666666667
2395,RegionD,BatchInference,SeasonalMean,142.7,138.5222222222222
2396,RegionD,BatchInference,SeasonalMean,276.4666666666667,18.67222222222222
2397,RegionD,BatchInference,SeasonalMean,41.93333333333333,56.544444444444444
2398,RegionD,BatchInference,SeasonalMean,46.56666666666667,84.78888888888889
2399,RegionD,BatchInference,SeasonalMean,0.0,95.94444444444444
2376,RegionD,AITraining,GBDT,174.53333333333333,479.0012015286287
2377,RegionD,AITraining,GBDT,511.7833333333333,763.4854073023674
2378,RegionD,AITraining,GBDT,289.95,528.074254379475
2379,RegionD,AITraining,GBDT,1301.0666666666666,412.0885931511835
2380,RegionD,AITraining,GBDT,111.98333333333332,675.2963392260755
2381,RegionD,AITraining,GBDT,814.25,618.2226248509963
2382,RegionD,AITraining,GBDT,207.35000000000002,650.413339941469
2383,RegionD,AITraining,GBDT,130.66666666666669,754.9239366255497
2384,RegionD,AITraining,GBDT,308.26666666666665,395.04813955580886
2385,RegionD,AITraining,GBDT,167.16666666666666,648.7542615947815
2386,RegionD,AITraining,GBDT,309.3333333333333,665.2984466487102
2387,RegionD,AITraining,GBDT,247.93333333333334,672.0450799432064
2388,RegionD,AITraining,GBDT,251.73333333333332,317.2585192799732
2389,RegionD,AITraining,GBDT,687.9666666666667,607.8411645072512
2390,RegionD,AITraining,GBDT,1428.15,425.92113641449964
2391,RegionD,AITraining,GBDT,619.8333333333334,635.4605991988159
2392,RegionD,AITraining,GBDT,899.6833333333333,484.44502169962766
2393,RegionD,AITraining,GBDT,9.166666666666668,540.6418468060326
2394,RegionD,AITraining,GBDT,767.0999999999999,442.6340326340946
2395,RegionD,AITraining,GBDT,26.133333333333333,477.15360975370515
2396,RegionD,AITraining,GBDT,396.83333333333337,453.1921506007837
2397,RegionD,AITraining,GBDT,84.48333333333333,413.5228939665657
2398,RegionD,AITraining,GBDT,1450.8999999999999,428.8372944595312
2399,RegionD,AITraining,GBDT,0.0,437.34774730986067
2376,RegionD,AITraining,LastValue,174.53333333333333,33.483333333333334
2377,RegionD,AITraining,LastValue,511.7833333333333,33.483333333333334
2378,RegionD,AITraining,LastValue,289.95,33.483333333333334
2379,RegionD,AITraining,LastValue,1301.0666666666666,33.483333333333334
2380,RegionD,AITraining,LastValue,111.98333333333332,33.483333333333334
2381,RegionD,AITraining,LastValue,814.25,33.483333333333334
2382,RegionD,AITraining,LastValue,207.35000000000002,33.483333333333334
2383,RegionD,AITraining,LastValue,130.66666666666669,33.483333333333334
2384,RegionD,AITraining,LastValue,308.26666666666665,33.483333333333334
2385,RegionD,AITraining,LastValue,167.16666666666666,33.483333333333334
2386,RegionD,AITraining,LastValue,309.3333333333333,33.483333333333334
2387,RegionD,AITraining,LastValue,247.93333333333334,33.483333333333334
2388,RegionD,AITraining,LastValue,251.73333333333332,33.483333333333334
2389,RegionD,AITraining,LastValue,687.9666666666667,33.483333333333334
2390,RegionD,AITraining,LastValue,1428.15,33.483333333333334
2391,RegionD,AITraining,LastValue,619.8333333333334,33.483333333333334
2392,RegionD,AITraining,LastValue,899.6833333333333,33.483333333333334
2393,RegionD,AITraining,LastValue,9.166666666666668,33.483333333333334
2394,RegionD,AITraining,LastValue,767.0999999999999,33.483333333333334
2395,RegionD,AITraining,LastValue,26.133333333333333,33.483333333333334
2396,RegionD,AITraining,LastValue,396.83333333333337,33.483333333333334
2397,RegionD,AITraining,LastValue,84.48333333333333,33.483333333333334
2398,RegionD,AITraining,LastValue,1450.8999999999999,33.483333333333334
2399,RegionD,AITraining,LastValue,0.0,33.483333333333334
2376,RegionD,AITraining,SeasonalMean,174.53333333333333,1043.361111111111
2377,RegionD,AITraining,SeasonalMean,511.7833333333333,729.7388888888889
2378,RegionD,AITraining,SeasonalMean,289.95,670.3944444444445
2379,RegionD,AITraining,SeasonalMean,1301.0666666666666,537.6333333333333
2380,RegionD,AITraining,SeasonalMean,111.98333333333332,706.2388888888889
2381,RegionD,AITraining,SeasonalMean,814.25,140.79999999999998
2382,RegionD,AITraining,SeasonalMean,207.35000000000002,363.03888888888895
2383,RegionD,AITraining,SeasonalMean,130.66666666666669,308.9611111111111
2384,RegionD,AITraining,SeasonalMean,308.26666666666665,490.81111111111113
2385,RegionD,AITraining,SeasonalMean,167.16666666666666,206.4333333333333
2386,RegionD,AITraining,SeasonalMean,309.3333333333333,790.6944444444445
2387,RegionD,AITraining,SeasonalMean,247.93333333333334,690.3444444444445
2388,RegionD,AITraining,SeasonalMean,251.73333333333332,315.1722222222222
2389,RegionD,AITraining,SeasonalMean,687.9666666666667,671.7111111111111
2390,RegionD,AITraining,SeasonalMean,1428.15,210.83888888888887
2391,RegionD,AITraining,SeasonalMean,619.8333333333334,1132.1222222222223
2392,RegionD,AITraining,SeasonalMean,899.6833333333333,804.6555555555556
2393,RegionD,AITraining,SeasonalMean,9.166666666666668,495.0555555555556
2394,RegionD,AITraining,SeasonalMean,767.0999999999999,295.90000000000003
2395,RegionD,AITraining,SeasonalMean,26.133333333333333,342.43333333333334
2396,RegionD,AITraining,SeasonalMean,396.83333333333337,275.8222222222222
2397,RegionD,AITraining,SeasonalMean,84.48333333333333,577.9111111111112
2398,RegionD,AITraining,SeasonalMean,1450.8999999999999,1329.0111111111112
2399,RegionD,AITraining,SeasonalMean,0.0,537.4499999999999
2376,RegionE,RealTimeInference,GBDT,0.0,1.4771856248099775
2377,RegionE,RealTimeInference,GBDT,5.083333333333333,3.8436306918499996
2378,RegionE,RealTimeInference,GBDT,0.9333333333333333,3.157963452965554
2379,RegionE,RealTimeInference,GBDT,0.0,3.056624413914991
2380,RegionE,RealTimeInference,GBDT,0.0,1.2187905782301982
2381,RegionE,RealTimeInference,GBDT,0.0,2.4579037987776804
2382,RegionE,RealTimeInference,GBDT,25.7,0.829002561101313
2383,RegionE,RealTimeInference,GBDT,0.0,1.9909408405016977
2384,RegionE,RealTimeInference,GBDT,22.816666666666666,2.8425864867516912
2385,RegionE,RealTimeInference,GBDT,0.0,6.654967933574386
2386,RegionE,RealTimeInference,GBDT,0.0,1.5122118931656034
2387,RegionE,RealTimeInference,GBDT,0.0,2.6784639568036055
2388,RegionE,RealTimeInference,GBDT,0.0,3.7516357174025714
2389,RegionE,RealTimeInference,GBDT,0.0,2.6338429462780137
2390,RegionE,RealTimeInference,GBDT,0.0,3.0068914439831365
2391,RegionE,RealTimeInference,GBDT,7.25,9.506751375785772
2392,RegionE,RealTimeInference,GBDT,9.583333333333334,6.579768657609833
2393,RegionE,RealTimeInference,GBDT,0.0,7.082193964744914
2394,RegionE,RealTimeInference,GBDT,0.0,7.554157641498681
2395,RegionE,RealTimeInference,GBDT,0.0,6.2577825203277895
2396,RegionE,RealTimeInference,GBDT,0.0,7.061210638158851
2397,RegionE,RealTimeInference,GBDT,0.0,5.186458459395614
2398,RegionE,RealTimeInference,GBDT,0.0,4.376877260861493
2399,RegionE,RealTimeInference,GBDT,17.666666666666668,3.2950551997663946
2376,RegionE,RealTimeInference,LastValue,0.0,0.0
2377,RegionE,RealTimeInference,LastValue,5.083333333333333,0.0
2378,RegionE,RealTimeInference,LastValue,0.9333333333333333,0.0
2379,RegionE,RealTimeInference,LastValue,0.0,0.0
2380,RegionE,RealTimeInference,LastValue,0.0,0.0
2381,RegionE,RealTimeInference,LastValue,0.0,0.0
2382,RegionE,RealTimeInference,LastValue,25.7,0.0
2383,RegionE,RealTimeInference,LastValue,0.0,0.0
2384,RegionE,RealTimeInference,LastValue,22.816666666666666,0.0
2385,RegionE,RealTimeInference,LastValue,0.0,0.0
2386,RegionE,RealTimeInference,LastValue,0.0,0.0
2387,RegionE,RealTimeInference,LastValue,0.0,0.0
2388,RegionE,RealTimeInference,LastValue,0.0,0.0
2389,RegionE,RealTimeInference,LastValue,0.0,0.0
2390,RegionE,RealTimeInference,LastValue,0.0,0.0
2391,RegionE,RealTimeInference,LastValue,7.25,0.0
2392,RegionE,RealTimeInference,LastValue,9.583333333333334,0.0
2393,RegionE,RealTimeInference,LastValue,0.0,0.0
2394,RegionE,RealTimeInference,LastValue,0.0,0.0
2395,RegionE,RealTimeInference,LastValue,0.0,0.0
2396,RegionE,RealTimeInference,LastValue,0.0,0.0
2397,RegionE,RealTimeInference,LastValue,0.0,0.0
2398,RegionE,RealTimeInference,LastValue,0.0,0.0
2399,RegionE,RealTimeInference,LastValue,17.666666666666668,0.0
2376,RegionE,RealTimeInference,SeasonalMean,0.0,0.0
2377,RegionE,RealTimeInference,SeasonalMean,5.083333333333333,0.0
2378,RegionE,RealTimeInference,SeasonalMean,0.9333333333333333,0.45555555555555555
2379,RegionE,RealTimeInference,SeasonalMean,0.0,1.8666666666666665
2380,RegionE,RealTimeInference,SeasonalMean,0.0,0.0
2381,RegionE,RealTimeInference,SeasonalMean,0.0,12.066666666666668
2382,RegionE,RealTimeInference,SeasonalMean,25.7,0.0
2383,RegionE,RealTimeInference,SeasonalMean,0.0,0.0
2384,RegionE,RealTimeInference,SeasonalMean,22.816666666666666,0.26666666666666666
2385,RegionE,RealTimeInference,SeasonalMean,0.0,0.0
2386,RegionE,RealTimeInference,SeasonalMean,0.0,0.8555555555555556
2387,RegionE,RealTimeInference,SeasonalMean,0.0,0.0
2388,RegionE,RealTimeInference,SeasonalMean,0.0,0.0
2389,RegionE,RealTimeInference,SeasonalMean,0.0,0.0
2390,RegionE,RealTimeInference,SeasonalMean,0.0,9.411111111111111
2391,RegionE,RealTimeInference,SeasonalMean,7.25,9.372222222222222
2392,RegionE,RealTimeInference,SeasonalMean,9.583333333333334,0.0
2393,RegionE,RealTimeInference,SeasonalMean,0.0,0.0
2394,RegionE,RealTimeInference,SeasonalMean,0.0,13.450000000000001
2395,RegionE,RealTimeInference,SeasonalMean,0.0,0.0
2396,RegionE,RealTimeInference,SeasonalMean,0.0,0.0
2397,RegionE,RealTimeInference,SeasonalMean,0.0,4.038888888888889
2398,RegionE,RealTimeInference,SeasonalMean,0.0,0.0
2399,RegionE,RealTimeInference,SeasonalMean,17.666666666666668,0.0
2376,RegionE,BatchInference,GBDT,18.0,27.87344612783574
2377,RegionE,BatchInference,GBDT,255.39999999999998,45.882689567905075
2378,RegionE,BatchInference,GBDT,112.35,35.244474308490105
2379,RegionE,BatchInference,GBDT,0.0,42.93600974307766
2380,RegionE,BatchInference,GBDT,77.0,40.40380059117566
2381,RegionE,BatchInference,GBDT,26.71666666666667,34.495771939259036
2382,RegionE,BatchInference,GBDT,47.53333333333334,55.23988910799971
2383,RegionE,BatchInference,GBDT,30.566666666666663,42.55397147437242
2384,RegionE,BatchInference,GBDT,15.600000000000001,41.121347747100984
2385,RegionE,BatchInference,GBDT,0.0,16.651271226120336
2386,RegionE,BatchInference,GBDT,45.900000000000006,40.08882280246423
2387,RegionE,BatchInference,GBDT,197.18333333333334,39.10463955621077
2388,RegionE,BatchInference,GBDT,0.0,39.72102819579794
2389,RegionE,BatchInference,GBDT,121.36666666666666,51.71142060378261
2390,RegionE,BatchInference,GBDT,48.0,51.6930743869058
2391,RegionE,BatchInference,GBDT,58.800000000000004,48.20947601313726
2392,RegionE,BatchInference,GBDT,8.1,38.36452512809184
2393,RegionE,BatchInference,GBDT,0.0,40.856598478098846
2394,RegionE,BatchInference,GBDT,100.58333333333334,33.13649595834581
2395,RegionE,BatchInference,GBDT,0.0,46.23169640879408
2396,RegionE,BatchInference,GBDT,58.666666666666664,27.888292035953484
2397,RegionE,BatchInference,GBDT,102.48333333333332,39.841381140031565
2398,RegionE,BatchInference,GBDT,107.35,25.173930796171522
2399,RegionE,BatchInference,GBDT,62.05,26.595975393843226
2376,RegionE,BatchInference,LastValue,18.0,96.53333333333333
2377,RegionE,BatchInference,LastValue,255.39999999999998,96.53333333333333
2378,RegionE,BatchInference,LastValue,112.35,96.53333333333333
2379,RegionE,BatchInference,LastValue,0.0,96.53333333333333
2380,RegionE,BatchInference,LastValue,77.0,96.53333333333333
2381,RegionE,BatchInference,LastValue,26.71666666666667,96.53333333333333
2382,RegionE,BatchInference,LastValue,47.53333333333334,96.53333333333333
2383,RegionE,BatchInference,LastValue,30.566666666666663,96.53333333333333
2384,RegionE,BatchInference,LastValue,15.600000000000001,96.53333333333333
2385,RegionE,BatchInference,LastValue,0.0,96.53333333333333
2386,RegionE,BatchInference,LastValue,45.900000000000006,96.53333333333333
2387,RegionE,BatchInference,LastValue,197.18333333333334,96.53333333333333
2388,RegionE,BatchInference,LastValue,0.0,96.53333333333333
2389,RegionE,BatchInference,LastValue,121.36666666666666,96.53333333333333
2390,RegionE,BatchInference,LastValue,48.0,96.53333333333333
2391,RegionE,BatchInference,LastValue,58.800000000000004,96.53333333333333
2392,RegionE,BatchInference,LastValue,8.1,96.53333333333333
2393,RegionE,BatchInference,LastValue,0.0,96.53333333333333
2394,RegionE,BatchInference,LastValue,100.58333333333334,96.53333333333333
2395,RegionE,BatchInference,LastValue,0.0,96.53333333333333
2396,RegionE,BatchInference,LastValue,58.666666666666664,96.53333333333333
2397,RegionE,BatchInference,LastValue,102.48333333333332,96.53333333333333
2398,RegionE,BatchInference,LastValue,107.35,96.53333333333333
2399,RegionE,BatchInference,LastValue,62.05,96.53333333333333
2376,RegionE,BatchInference,SeasonalMean,18.0,11.005555555555555
2377,RegionE,BatchInference,SeasonalMean,255.39999999999998,21.555555555555557
2378,RegionE,BatchInference,SeasonalMean,112.35,21.533333333333335
2379,RegionE,BatchInference,SeasonalMean,0.0,0.0
2380,RegionE,BatchInference,SeasonalMean,77.0,86.53333333333335
2381,RegionE,BatchInference,SeasonalMean,26.71666666666667,63.91111111111112
2382,RegionE,BatchInference,SeasonalMean,47.53333333333334,69.89444444444443
2383,RegionE,BatchInference,SeasonalMean,30.566666666666663,20.166666666666668
2384,RegionE,BatchInference,SeasonalMean,15.600000000000001,80.85
2385,RegionE,BatchInference,SeasonalMean,0.0,65.00555555555555
2386,RegionE,BatchInference,SeasonalMean,45.900000000000006,47.86666666666667
2387,RegionE,BatchInference,SeasonalMean,197.18333333333334,36.05555555555556
2388,RegionE,BatchInference,SeasonalMean,0.0,114.68333333333335
2389,RegionE,BatchInference,SeasonalMean,121.36666666666666,0.0
2390,RegionE,BatchInference,SeasonalMean,48.0,19.54444444444444
2391,RegionE,BatchInference,SeasonalMean,58.800000000000004,37.25
2392,RegionE,BatchInference,SeasonalMean,8.1,31.833333333333332
2393,RegionE,BatchInference,SeasonalMean,0.0,25.54444444444444
2394,RegionE,BatchInference,SeasonalMean,100.58333333333334,47.26111111111111
2395,RegionE,BatchInference,SeasonalMean,0.0,39.47222222222222
2396,RegionE,BatchInference,SeasonalMean,58.666666666666664,46.43333333333334
2397,RegionE,BatchInference,SeasonalMean,102.48333333333332,36.03333333333334
2398,RegionE,BatchInference,SeasonalMean,107.35,79.89999999999999
2399,RegionE,BatchInference,SeasonalMean,62.05,66.27222222222223
2376,RegionE,AITraining,GBDT,455.09999999999997,358.7217628082309
2377,RegionE,AITraining,GBDT,1393.3166666666666,384.5928527221518
2378,RegionE,AITraining,GBDT,567.8666666666667,421.16964376450676
2379,RegionE,AITraining,GBDT,78.16666666666667,505.0164027495251
2380,RegionE,AITraining,GBDT,170.33333333333334,340.75255949991555
2381,RegionE,AITraining,GBDT,949.3833333333333,529.346543635647
2382,RegionE,AITraining,GBDT,0.0,286.03014963319276
2383,RegionE,AITraining,GBDT,1330.2666666666667,442.6363926367843
2384,RegionE,AITraining,GBDT,498.65,456.93896713563447
2385,RegionE,AITraining,GBDT,273.8666666666667,464.57325091931597
2386,RegionE,AITraining,GBDT,259.76666666666665,360.549484944288
2387,RegionE,AITraining,GBDT,1591.2166666666667,304.865351973994
2388,RegionE,AITraining,GBDT,0.0,408.69442392664536
2389,RegionE,AITraining,GBDT,463.65,462.89202980899427
2390,RegionE,AITraining,GBDT,1664.4833333333333,371.156158412594
2391,RegionE,AITraining,GBDT,1232.5333333333333,409.2627228034792
2392,RegionE,AITraining,GBDT,391.73333333333335,391.9571906478968
2393,RegionE,AITraining,GBDT,0.0,313.71267136766033
2394,RegionE,AITraining,GBDT,1336.7333333333333,270.13541245681427
2395,RegionE,AITraining,GBDT,709.4,339.6978601846426
2396,RegionE,AITraining,GBDT,323.25,188.12468727144955
2397,RegionE,AITraining,GBDT,456.51666666666665,171.17941771198022
2398,RegionE,AITraining,GBDT,889.3166666666667,97.52682391023812
2399,RegionE,AITraining,GBDT,707.25,316.57866650085964
2376,RegionE,AITraining,LastValue,455.09999999999997,248.9333333333333
2377,RegionE,AITraining,LastValue,1393.3166666666666,248.9333333333333
2378,RegionE,AITraining,LastValue,567.8666666666667,248.9333333333333
2379,RegionE,AITraining,LastValue,78.16666666666667,248.9333333333333
2380,RegionE,AITraining,LastValue,170.33333333333334,248.9333333333333
2381,RegionE,AITraining,LastValue,949.3833333333333,248.9333333333333
2382,RegionE,AITraining,LastValue,0.0,248.9333333333333
2383,RegionE,AITraining,LastValue,1330.2666666666667,248.9333333333333
2384,RegionE,AITraining,LastValue,498.65,248.9333333333333
2385,RegionE,AITraining,LastValue,273.8666666666667,248.9333333333333
2386,RegionE,AITraining,LastValue,259.76666666666665,248.9333333333333
2387,RegionE,AITraining,LastValue,1591.2166666666667,248.9333333333333
2388,RegionE,AITraining,LastValue,0.0,248.9333333333333
2389,RegionE,AITraining,LastValue,463.65,248.9333333333333
2390,RegionE,AITraining,LastValue,1664.4833333333333,248.9333333333333
2391,RegionE,AITraining,LastValue,1232.5333333333333,248.9333333333333
2392,RegionE,AITraining,LastValue,391.73333333333335,248.9333333333333
2393,RegionE,AITraining,LastValue,0.0,248.9333333333333
2394,RegionE,AITraining,LastValue,1336.7333333333333,248.9333333333333
2395,RegionE,AITraining,LastValue,709.4,248.9333333333333
2396,RegionE,AITraining,LastValue,323.25,248.9333333333333
2397,RegionE,AITraining,LastValue,456.51666666666665,248.9333333333333
2398,RegionE,AITraining,LastValue,889.3166666666667,248.9333333333333
2399,RegionE,AITraining,LastValue,707.25,248.9333333333333
2376,RegionE,AITraining,SeasonalMean,455.09999999999997,264.99444444444447
2377,RegionE,AITraining,SeasonalMean,1393.3166666666666,369.5222222222222
2378,RegionE,AITraining,SeasonalMean,567.8666666666667,567.7888888888889
2379,RegionE,AITraining,SeasonalMean,78.16666666666667,228.35000000000002
2380,RegionE,AITraining,SeasonalMean,170.33333333333334,504.28888888888895
2381,RegionE,AITraining,SeasonalMean,949.3833333333333,106.60000000000001
2382,RegionE,AITraining,SeasonalMean,0.0,474.86666666666673
2383,RegionE,AITraining,SeasonalMean,1330.2666666666667,379.95
2384,RegionE,AITraining,SeasonalMean,498.65,329.2
2385,RegionE,AITraining,SeasonalMean,273.8666666666667,715.9333333333334
2386,RegionE,AITraining,SeasonalMean,259.76666666666665,476.2722222222222
2387,RegionE,AITraining,SeasonalMean,1591.2166666666667,147.16666666666666
2388,RegionE,AITraining,SeasonalMean,0.0,382.1722222222222
2389,RegionE,AITraining,SeasonalMean,463.65,0.0
2390,RegionE,AITraining,SeasonalMean,1664.4833333333333,228.30555555555554
2391,RegionE,AITraining,SeasonalMean,1232.5333333333333,259.85555555555555
2392,RegionE,AITraining,SeasonalMean,391.73333333333335,572.3888888888888
2393,RegionE,AITraining,SeasonalMean,0.0,663.0388888888889
2394,RegionE,AITraining,SeasonalMean,1336.7333333333333,371.7055555555555
2395,RegionE,AITraining,SeasonalMean,709.4,596.6111111111112
2396,RegionE,AITraining,SeasonalMean,323.25,171.36666666666667
2397,RegionE,AITraining,SeasonalMean,456.51666666666665,336.47777777777776
2398,RegionE,AITraining,SeasonalMean,889.3166666666667,988.2944444444444
2399,RegionE,AITraining,SeasonalMean,707.25,631.1111111111111
2376,RegionF,RealTimeInference,GBDT,0.0,1.3772456596143188
2377,RegionF,RealTimeInference,GBDT,8.333333333333334,1.7178039483008656
2378,RegionF,RealTimeInference,GBDT,0.0,7.25541390033732
2379,RegionF,RealTimeInference,GBDT,0.0,5.846098854701696
2380,RegionF,RealTimeInference,GBDT,0.0,1.8954614896797721
2381,RegionF,RealTimeInference,GBDT,0.0,0.29641138936761957
2382,RegionF,RealTimeInference,GBDT,5.5,1.7325216555281444
2383,RegionF,RealTimeInference,GBDT,0.0,0.0
2384,RegionF,RealTimeInference,GBDT,0.0,1.5040175606571036
2385,RegionF,RealTimeInference,GBDT,35.58333333333333,0.0
2386,RegionF,RealTimeInference,GBDT,0.0,1.1132263163521539
2387,RegionF,RealTimeInference,GBDT,0.0,5.709190229962239
2388,RegionF,RealTimeInference,GBDT,0.0,7.365312162396634
2389,RegionF,RealTimeInference,GBDT,0.0,8.063709612687882
2390,RegionF,RealTimeInference,GBDT,0.0,8.054242271531113
2391,RegionF,RealTimeInference,GBDT,0.0,1.3811952655956092
2392,RegionF,RealTimeInference,GBDT,3.35,2.5846209545630585
2393,RegionF,RealTimeInference,GBDT,0.0,1.8459718044060656
2394,RegionF,RealTimeInference,GBDT,0.0,3.3006392328516236
2395,RegionF,RealTimeInference,GBDT,0.0,7.928222596211959
2396,RegionF,RealTimeInference,GBDT,0.0,9.312881214420827
2397,RegionF,RealTimeInference,GBDT,0.0,6.166412103117169
2398,RegionF,RealTimeInference,GBDT,10.0,7.699089600173778
2399,RegionF,RealTimeInference,GBDT,0.85,6.157856120080098
2376,RegionF,RealTimeInference,LastValue,0.0,5.083333333333333
2377,RegionF,RealTimeInference,LastValue,8.333333333333334,5.083333333333333
2378,RegionF,RealTimeInference,LastValue,0.0,5.083333333333333
2379,RegionF,RealTimeInference,LastValue,0.0,5.083333333333333
2380,RegionF,RealTimeInference,LastValue,0.0,5.083333333333333
2381,RegionF,RealTimeInference,LastValue,0.0,5.083333333333333
2382,RegionF,RealTimeInference,LastValue,5.5,5.083333333333333
2383,RegionF,RealTimeInference,LastValue,0.0,5.083333333333333
2384,RegionF,RealTimeInference,LastValue,0.0,5.083333333333333
2385,RegionF,RealTimeInference,LastValue,35.58333333333333,5.083333333333333
2386,RegionF,RealTimeInference,LastValue,0.0,5.083333333333333
2387,RegionF,RealTimeInference,LastValue,0.0,5.083333333333333
2388,RegionF,RealTimeInference,LastValue,0.0,5.083333333333333
2389,RegionF,RealTimeInference,LastValue,0.0,5.083333333333333
2390,RegionF,RealTimeInference,LastValue,0.0,5.083333333333333
2391,RegionF,RealTimeInference,LastValue,0.0,5.083333333333333
2392,RegionF,RealTimeInference,LastValue,3.35,5.083333333333333
2393,RegionF,RealTimeInference,LastValue,0.0,5.083333333333333
2394,RegionF,RealTimeInference,LastValue,0.0,5.083333333333333
2395,RegionF,RealTimeInference,LastValue,0.0,5.083333333333333
2396,RegionF,RealTimeInference,LastValue,0.0,5.083333333333333
2397,RegionF,RealTimeInference,LastValue,0.0,5.083333333333333
2398,RegionF,RealTimeInference,LastValue,10.0,5.083333333333333
2399,RegionF,RealTimeInference,LastValue,0.85,5.083333333333333
2376,RegionF,RealTimeInference,SeasonalMean,0.0,0.0
2377,RegionF,RealTimeInference,SeasonalMean,8.333333333333334,0.0
2378,RegionF,RealTimeInference,SeasonalMean,0.0,0.0
2379,RegionF,RealTimeInference,SeasonalMean,0.0,0.0
2380,RegionF,RealTimeInference,SeasonalMean,0.0,0.0
2381,RegionF,RealTimeInference,SeasonalMean,0.0,0.0
2382,RegionF,RealTimeInference,SeasonalMean,5.5,0.0
2383,RegionF,RealTimeInference,SeasonalMean,0.0,10.377777777777778
2384,RegionF,RealTimeInference,SeasonalMean,0.0,0.0
2385,RegionF,RealTimeInference,SeasonalMean,35.58333333333333,3.8111111111111113
2386,RegionF,RealTimeInference,SeasonalMean,0.0,5.3
2387,RegionF,RealTimeInference,SeasonalMean,0.0,0.0
2388,RegionF,RealTimeInference,SeasonalMean,0.0,7.311111111111111
2389,RegionF,RealTimeInference,SeasonalMean,0.0,0.611111111111111
2390,RegionF,RealTimeInference,SeasonalMean,0.0,0.0
2391,RegionF,RealTimeInference,SeasonalMean,0.0,0.0
2392,RegionF,RealTimeInference,SeasonalMean,3.35,0.0
2393,RegionF,RealTimeInference,SeasonalMean,0.0,0.0
2394,RegionF,RealTimeInference,SeasonalMean,0.0,10.833333333333334
2395,RegionF,RealTimeInference,SeasonalMean,0.0,0.0
2396,RegionF,RealTimeInference,SeasonalMean,0.0,4.888888888888889
2397,RegionF,RealTimeInference,SeasonalMean,0.0,2.2333333333333334
2398,RegionF,RealTimeInference,SeasonalMean,10.0,0.0
2399,RegionF,RealTimeInference,SeasonalMean,0.85,1.6944444444444444
2376,RegionF,BatchInference,GBDT,95.19999999999999,32.782905298738875
2377,RegionF,BatchInference,GBDT,0.0,36.20323284884544
2378,RegionF,BatchInference,GBDT,18.15,38.60977152021201
2379,RegionF,BatchInference,GBDT,38.699999999999996,30.522077857737916
2380,RegionF,BatchInference,GBDT,27.733333333333334,40.35396056135513
2381,RegionF,BatchInference,GBDT,0.0,29.10035003792948
2382,RegionF,BatchInference,GBDT,0.0,32.402706580340926
2383,RegionF,BatchInference,GBDT,0.0,39.37501068628071
2384,RegionF,BatchInference,GBDT,0.0,34.219451215213816
2385,RegionF,BatchInference,GBDT,0.0,30.94259034596297
2386,RegionF,BatchInference,GBDT,63.4,42.08826360299314
2387,RegionF,BatchInference,GBDT,0.0,31.86826443946344
2388,RegionF,BatchInference,GBDT,0.0,59.654054499136194
2389,RegionF,BatchInference,GBDT,20.416666666666664,51.16818675142264
2390,RegionF,BatchInference,GBDT,93.5,46.23275319253059
2391,RegionF,BatchInference,GBDT,41.3,37.620270301173
2392,RegionF,BatchInference,GBDT,0.0,57.42205489149003
2393,RegionF,BatchInference,GBDT,46.36666666666667,46.51916272916656
2394,RegionF,BatchInference,GBDT,113.05000000000001,50.882398801259136
2395,RegionF,BatchInference,GBDT,0.0,65.39552327954753
2396,RegionF,BatchInference,GBDT,31.966666666666665,51.953670680760794
2397,RegionF,BatchInference,GBDT,96.48333333333333,35.90462914592667
2398,RegionF,BatchInference,GBDT,47.5,41.54431731129545
2399,RegionF,BatchInference,GBDT,0.0,33.10247359536062
2376,RegionF,BatchInference,LastValue,95.19999999999999,23.566666666666666
2377,RegionF,BatchInference,LastValue,0.0,23.566666666666666
2378,RegionF,BatchInference,LastValue,18.15,23.566666666666666
2379,RegionF,BatchInference,LastValue,38.699999999999996,23.566666666666666
2380,RegionF,BatchInference,LastValue,27.733333333333334,23.566666666666666
2381,RegionF,BatchInference,LastValue,0.0,23.566666666666666
2382,RegionF,BatchInference,LastValue,0.0,23.566666666666666
2383,RegionF,BatchInference,LastValue,0.0,23.566666666666666
2384,RegionF,BatchInference,LastValue,0.0,23.566666666666666
2385,RegionF,BatchInference,LastValue,0.0,23.566666666666666
2386,RegionF,BatchInference,LastValue,63.4,23.566666666666666
2387,RegionF,BatchInference,LastValue,0.0,23.566666666666666
2388,RegionF,BatchInference,LastValue,0.0,23.566666666666666
2389,RegionF,BatchInference,LastValue,20.416666666666664,23.566666666666666
2390,RegionF,BatchInference,LastValue,93.5,23.566666666666666
2391,RegionF,BatchInference,LastValue,41.3,23.566666666666666
2392,RegionF,BatchInference,LastValue,0.0,23.566666666666666
2393,RegionF,BatchInference,LastValue,46.36666666666667,23.566666666666666
2394,RegionF,BatchInference,LastValue,113.05000000000001,23.566666666666666
2395,RegionF,BatchInference,LastValue,0.0,23.566666666666666
2396,RegionF,BatchInference,LastValue,31.966666666666665,23.566666666666666
2397,RegionF,BatchInference,LastValue,96.48333333333333,23.566666666666666
2398,RegionF,BatchInference,LastValue,47.5,23.566666666666666
2399,RegionF,BatchInference,LastValue,0.0,23.566666666666666
2376,RegionF,BatchInference,SeasonalMean,95.19999999999999,0.0
2377,RegionF,BatchInference,SeasonalMean,0.0,133.58333333333334
2378,RegionF,BatchInference,SeasonalMean,18.15,79.71111111111111
2379,RegionF,BatchInference,SeasonalMean,38.699999999999996,0.0
2380,RegionF,BatchInference,SeasonalMean,27.733333333333334,16.366666666666667
2381,RegionF,BatchInference,SeasonalMean,0.0,99.67777777777776
2382,RegionF,BatchInference,SeasonalMean,0.0,74.23333333333333
2383,RegionF,BatchInference,SeasonalMean,0.0,38.422222222222224
2384,RegionF,BatchInference,SeasonalMean,0.0,7.211111111111111
2385,RegionF,BatchInference,SeasonalMean,0.0,24.711111111111112
2386,RegionF,BatchInference,SeasonalMean,63.4,62.088888888888896
2387,RegionF,BatchInference,SeasonalMean,0.0,42.02222222222222
2388,RegionF,BatchInference,SeasonalMean,0.0,31.46111111111111
2389,RegionF,BatchInference,SeasonalMean,20.416666666666664,51.32777777777778
2390,RegionF,BatchInference,SeasonalMean,93.5,72.81666666666668
2391,RegionF,BatchInference,SeasonalMean,41.3,39.666666666666664
2392,RegionF,BatchInference,SeasonalMean,0.0,51.5111111111111
2393,RegionF,BatchInference,SeasonalMean,46.36666666666667,69.35555555555555
2394,RegionF,BatchInference,SeasonalMean,113.05000000000001,10.755555555555555
2395,RegionF,BatchInference,SeasonalMean,0.0,69.39444444444445
2396,RegionF,BatchInference,SeasonalMean,31.966666666666665,24.900000000000002
2397,RegionF,BatchInference,SeasonalMean,96.48333333333333,55.31666666666666
2398,RegionF,BatchInference,SeasonalMean,47.5,9.022222222222222
2399,RegionF,BatchInference,SeasonalMean,0.0,77.00555555555555
2376,RegionF,AITraining,GBDT,505.76666666666665,518.5514992740605
2377,RegionF,AITraining,GBDT,1827.4833333333331,289.4786982586698
2378,RegionF,AITraining,GBDT,1315.1,150.8009645985138
2379,RegionF,AITraining,GBDT,93.5,491.46490976195787
2380,RegionF,AITraining,GBDT,796.4000000000001,538.9954274994569
2381,RegionF,AITraining,GBDT,290.9666666666667,626.8239651716865
2382,RegionF,AITraining,GBDT,226.5,199.5293868984545
2383,RegionF,AITraining,GBDT,467.8166666666666,388.01649093004715
2384,RegionF,AITraining,GBDT,893.6666666666667,496.8622009177376
2385,RegionF,AITraining,GBDT,1313.95,563.0053272996772
2386,RegionF,AITraining,GBDT,475.23333333333335,358.3167009919117
2387,RegionF,AITraining,GBDT,966.8333333333333,384.1565816098959
2388,RegionF,AITraining,GBDT,1541.25,254.0282635312222
2389,RegionF,AITraining,GBDT,270.59999999999997,430.2084092637176
2390,RegionF,AITraining,GBDT,259.55,389.05455901817874
2391,RegionF,AITraining,GBDT,116.96666666666667,535.2816275492675
2392,RegionF,AITraining,GBDT,808.7666666666667,527.0976381718697
2393,RegionF,AITraining,GBDT,815.9,558.9683763703124
2394,RegionF,AITraining,GBDT,1152.45,399.96284470672026
2395,RegionF,AITraining,GBDT,496.0333333333333,261.1633933143885
2396,RegionF,AITraining,GBDT,785.4,291.7991520268108
2397,RegionF,AITraining,GBDT,322.8666666666667,183.5520393772291
2398,RegionF,AITraining,GBDT,671.0,301.5607649361305
2399,RegionF,AITraining,GBDT,546.2166666666667,251.81327768613704
2376,RegionF,AITraining,LastValue,505.76666666666665,0.0
2377,RegionF,AITraining,LastValue,1827.4833333333331,0.0
2378,RegionF,AITraining,LastValue,1315.1,0.0
2379,RegionF,AITraining,LastValue,93.5,0.0
2380,RegionF,AITraining,LastValue,796.4000000000001,0.0
2381,RegionF,AITraining,LastValue,290.9666666666667,0.0
2382,RegionF,AITraining,LastValue,226.5,0.0
2383,RegionF,AITraining,LastValue,467.8166666666666,0.0
2384,RegionF,AITraining,LastValue,893.6666666666667,0.0
2385,RegionF,AITraining,LastValue,1313.95,0.0
2386,RegionF,AITraining,LastValue,475.23333333333335,0.0
2387,RegionF,AITraining,LastValue,966.8333333333333,0.0
2388,RegionF,AITraining,LastValue,1541.25,0.0
2389,RegionF,AITraining,LastValue,270.59999999999997,0.0
2390,RegionF,AITraining,LastValue,259.55,0.0
2391,RegionF,AITraining,LastValue,116.96666666666667,0.0
2392,RegionF,AITraining,LastValue,808.7666666666667,0.0
2393,RegionF,AITraining,LastValue,815.9,0.0
2394,RegionF,AITraining,LastValue,1152.45,0.0
2395,RegionF,AITraining,LastValue,496.0333333333333,0.0
2396,RegionF,AITraining,LastValue,785.4,0.0
2397,RegionF,AITraining,LastValue,322.8666666666667,0.0
2398,RegionF,AITraining,LastValue,671.0,0.0
2399,RegionF,AITraining,LastValue,546.2166666666667,0.0
2376,RegionF,AITraining,SeasonalMean,505.76666666666665,238.40555555555557
2377,RegionF,AITraining,SeasonalMean,1827.4833333333331,86.53333333333335
2378,RegionF,AITraining,SeasonalMean,1315.1,50.72222222222222
2379,RegionF,AITraining,SeasonalMean,93.5,428.0222222222222
2380,RegionF,AITraining,SeasonalMean,796.4000000000001,863.7666666666668
2381,RegionF,AITraining,SeasonalMean,290.9666666666667,722.0666666666666
2382,RegionF,AITraining,SeasonalMean,226.5,343.9222222222222
2383,RegionF,AITraining,SeasonalMean,467.8166666666666,510.93333333333334
2384,RegionF,AITraining,SeasonalMean,893.6666666666667,707.7388888888889
2385,RegionF,AITraining,SeasonalMean,1313.95,504.2444444444445
2386,RegionF,AITraining,SeasonalMean,475.23333333333335,698.0444444444444
2387,RegionF,AITraining,SeasonalMean,966.8333333333333,291.6277777777778
2388,RegionF,AITraining,SeasonalMean,1541.25,398.82222222222225
2389,RegionF,AITraining,SeasonalMean,270.59999999999997,879.4222222222221
2390,RegionF,AITraining,SeasonalMean,259.55,726.9555555555556
2391,RegionF,AITraining,SeasonalMean,116.96666666666667,577.5055555555556
2392,RegionF,AITraining,SeasonalMean,808.7666666666667,191.66111111111113
2393,RegionF,AITraining,SeasonalMean,815.9,1128.8
2394,RegionF,AITraining,SeasonalMean,1152.45,297.3
2395,RegionF,AITraining,SeasonalMean,496.0333333333333,392.64444444444445
2396,RegionF,AITraining,SeasonalMean,785.4,747.2944444444444
2397,RegionF,AITraining,SeasonalMean,322.8666666666667,270.02777777777777
2398,RegionF,AITraining,SeasonalMean,671.0,625.4055555555557
2399,RegionF,AITraining,SeasonalMean,546.2166666666667,147.75555555555556
